page_id	text	label	Pattern Category	clean_text	char_count	word_count
1012	FLASH SALE | LIMITED TIME ONLY Shop Now	1	Urgency	FLASH SALE | LIMITED TIME ONLY Shop Now	39	8
158	Pillowcases & Shams	0	Not Dark Pattern	Pillowcases & Shams	19	3
108	Write a review	0	Not Dark Pattern	Write a review	14	3
1425	To start your return, simply click on the following button and add your return details. Once the form is filled, you will receive an email with shipping instructions for how to ship the item(s) to our warehouse.	0	Not Dark Pattern	To start your return, simply click on the following button and add your return details. Once the form is filled, you will receive an email with shipping instructions for how to ship the item(s) to our warehouse.	211	37
1658	 newsletter signup (privacy policy) 	0	Not Dark Pattern	newsletter signup (privacy policy)	34	4
975	In demand	1	Scarcity	In demand	9	2
1469	We cannot guarantee door to door delivery for every customer. Buyers in remote areas such as farms, islands, mining camps, small towns, or out-of-towners, etc may need to collect from their nearest freight depot.	0	Not Dark Pattern	We cannot guarantee door to door delivery for every customer. Buyers in remote areas such as farms, islands, mining camps, small towns, or out-of-towners, etc may need to collect from their nearest freight depot.	212	34
1570	Hurry! Only 2 left in stock	1	Scarcity	Hurry! Only 2 left in stock	27	6
1617	In Stock only 3 left	1	Scarcity	In Stock only 3 left	20	5
108	International Shipping Policy	0	Not Dark Pattern	International Shipping Policy	29	3
1333	Clothes, Shoes & Accessories	0	Not Dark Pattern	Clothes, Shoes & Accessories	28	4
1199	Hurry! Only 2 left	1	Scarcity	Hurry! Only 2 left	18	4
822	Primary Arms Scopes	0	Not Dark Pattern	Primary Arms Scopes	19	3
1264	ONLY 8 LEFT	1	Scarcity	ONLY 8 LEFT	11	3
1609	MoTrail	0	Not Dark Pattern	MoTrail	7	1
776	LCD Ribbon Cables	0	Not Dark Pattern	LCD Ribbon Cables	17	3
1779	READY FOR YOUR NEXT AUTHENTIC NHL JERSEY?	0	Not Dark Pattern	READY FOR YOUR NEXT AUTHENTIC NHL JERSEY?	41	7
1739	OUR BEST SELLING GOGGLE	1	Misdirection	OUR BEST SELLING GOGGLE	23	4
98	1,142 people have added to cart recently	1	Social Proof	1,142 people have added to cart recently	40	7
1438	Limited Availability	1	Scarcity	Limited Availability	20	2
449	No thanks. I don't like free things...	1	Misdirection	No thanks. I don't like free things...	38	7
1667	 read you will want to read -- Five Book Group Favourites * Sunday Post *	0	Not Dark Pattern	read you will want to read -- Five Book Group Favourites * Sunday Post *	72	15
212	 Supply & Demand 	0	Not Dark Pattern	Supply & Demand	15	3
284	Michael in Pontiac, United States purchased a  	1	Social Proof	Michael in Pontiac, United States purchased a	45	7
1381	Bathroom Lighting	0	Not Dark Pattern	Bathroom Lighting	17	2
822	 Shop Optics > 	0	Not Dark Pattern	Shop Optics >	13	3
4	9 people are viewing this.	1	Social Proof	9 people are viewing this.	26	5
1082	894 Claimed! Hurry, only a few left!	1	Scarcity	894 Claimed! Hurry, only a few left!	36	7
255	77 PEOPLE LIKE THIS	1	Social Proof	77 PEOPLE LIKE THIS	19	4
833	Girls Trousers	0	Not Dark Pattern	Girls Trousers	14	2
1009	Specs	0	Not Dark Pattern	Specs	5	1
1073	4 items left	1	Scarcity	4 items left	12	3
495	HURRY! EXCLUSIVE DEAL FOR YOU! 1 4 : 4 5	1	Urgency	HURRY! EXCLUSIVE DEAL FOR YOU! 1 4 : 4 5	40	10
718	Offer ends in	1	Urgency	Offer ends in	13	3
25	Another babe in Alexandria, United States just ordered Flat Tummy Tea	1	Social Proof	Another babe in Alexandria, United States just ordered Flat Tummy Tea	69	11
276	Someone in Boling Iago Texas United States Purchased Seek Discomfort Sketch White iPhone Case 5 hours ago	1	Social Proof	Someone in Boling Iago Texas United States Purchased Seek Discomfort Sketch White iPhone Case 5 hours ago	105	17
819	More Info	0	Not Dark Pattern	More Info	9	2
822	Daystate FAC Air Rifles	0	Not Dark Pattern	Daystate FAC Air Rifles	23	4
4	Keyboard Navigation Profile (Motor-Impaired): this profile enables motor-impaired persons to operate the website using the keyboard Tab, Shift+Tab, and the Enter keys. Users can also use shortcuts such as “M” (menus), “H” (headings), “F” (forms), “B” (buttons), and “G” (graphics) to jump to specific elements.	0	Not Dark Pattern	Keyboard Navigation Profile (Motor-Impaired): this profile enables motor-impaired persons to operate the website using the keyboard Tab, Shift+Tab, and the Enter keys. Users can also use shortcuts such as “M” (menus), “H” (headings), “F” (forms), “B” (buttons), and “G” (graphics) to jump to specific elements.	310	45
126	24 sold in last 24 hours.	1	Social Proof	24 sold in last 24 hours.	25	6
1428	 #CERTIFIED_FACE_MASKS 	0	Not Dark Pattern	#CERTIFIED_FACE_MASKS	21	1
1468	Shop the Look	0	Not Dark Pattern	Shop the Look	13	3
638	Kicks Remotes	0	Not Dark Pattern	Kicks Remotes	13	2
1414	Only 7 left in stock.	1	Scarcity	Only 7 left in stock.	21	5
414	Whey Protein Isolate	0	Not Dark Pattern	Whey Protein Isolate	20	3
1736	 Cases for Magsafe Refine by Product Type: Cases for Magsafe 	0	Not Dark Pattern	Cases for Magsafe Refine by Product Type: Cases for Magsafe	59	10
414	Product Info	0	Not Dark Pattern	Product Info	12	2
35	Someone from Norway purchased a Super FG Grater - 12x Faster - 15% OFF	1	Social Proof	Someone from Norway purchased a Super FG Grater - 12x Faster - 15% OFF	70	14
395	 Sign In With Google 	0	Not Dark Pattern	Sign In With Google	19	4
203	Shop All	0	Not Dark Pattern	Shop All	8	2
1119	 You can change your preference here Shop for Select an age 	0	Not Dark Pattern	You can change your preference here Shop for Select an age	58	11
1656	1 in Stock	1	Scarcity	1 in Stock	10	3
1590	 shop all 	0	Not Dark Pattern	shop all	8	2
1405	Low Stock Alert: Only 8 left in inventory	1	Scarcity	Low Stock Alert: Only 8 left in inventory	41	8
1536	Womens Platform Shoes	0	Not Dark Pattern	Womens Platform Shoes	21	3
767	Screen print graphics	0	Not Dark Pattern	Screen print graphics	21	3
149	IBKUL Solid Mock Neck Half Zip Pullover purchased from Clinton, MD, US 1 minute ago	1	Social Proof	IBKUL Solid Mock Neck Half Zip Pullover purchased from Clinton, MD, US 1 minute ago	83	15
395	Thin and tough - protects from minor scratches	0	Not Dark Pattern	Thin and tough - protects from minor scratches	46	8
361	Kimberly R.	0	Not Dark Pattern	Kimberly R.	11	2
432	I don't feel lucky	1	Misdirection	I don't feel lucky	18	4
1673	Only 3 items left	1	Scarcity	Only 3 items left	17	4
680	 Butterscotch Cakes 	0	Not Dark Pattern	Butterscotch Cakes	18	2
146	Someone in Saint Kilda, Victoria purchased Frank Queen Size Bed Base	1	Social Proof	Someone in Saint Kilda, Victoria purchased Frank Queen Size Bed Base	68	11
662	Awntech New Yorker Window/Entry Slope Awnin ...	0	Not Dark Pattern	Awntech New Yorker Window/Entry Slope Awnin ...	47	7
214	45 ADDED TO BAG IN THE PAST 24 HOURS	1	Social Proof	45 ADDED TO BAG IN THE PAST 24 HOURS	36	9
1147	87% offers claimed. Hurry up!	1	Scarcity	87% offers claimed. Hurry up!	29	5
1031	HURRY! £32.99 UK DELIVERY ENDS SOON	1	Urgency	HURRY! £32.99 UK DELIVERY ENDS SOON	35	6
1289	ONLY 3 LEFT	1	Scarcity	ONLY 3 LEFT	11	3
1386	8 items left	1	Scarcity	8 items left	12	3
137	19 people viewed this product per day	1	Social Proof	19 people viewed this product per day	37	7
1630	 Irwin 	0	Not Dark Pattern	Irwin	5	1
1102	96 ITEM(S) LEFT IN STOCK!	1	Scarcity	96 ITEM(S) LEFT IN STOCK!	25	5
117	__________	0	Not Dark Pattern	__________	10	1
1138	Only 1 left In Stock	1	Scarcity	Only 1 left In Stock	20	5
1536	Availability: Only 4 Left!	1	Scarcity	Availability: Only 4 Left!	26	4
680	 Personalised Gifts 	0	Not Dark Pattern	Personalised Gifts	18	2
1405	A customer service specialist will contact you soon.	0	Not Dark Pattern	A customer service specialist will contact you soon.	52	8
521	Your order is reserved for 09:54 minutes!	1	Urgency	Your order is reserved for 09:54 minutes!	41	7
1630	 Screws & Other Fixings 	0	Not Dark Pattern	Screws & Other Fixings	22	4
66	Use the domain shortly after payment	0	Not Dark Pattern	Use the domain shortly after payment	36	6
1459	Office Supplies & Decor	0	Not Dark Pattern	Office Supplies & Decor	23	4
1531	This size has only 1 left in stock	1	Scarcity	This size has only 1 left in stock	34	8
1468	Arrow	0	Not Dark Pattern	Arrow	5	1
1044	Returns an Item	0	Not Dark Pattern	Returns an Item	15	3
157	HOT PRODUCT Over 250 people are looking at this item.	1	Social Proof	HOT PRODUCT Over 250 people are looking at this item.	53	10
478	I don't want to save money	1	Misdirection	I don't want to save money	26	6
1135	HURRY! ONLY 2 LEFT IN STOCK!	1	Scarcity	HURRY! ONLY 2 LEFT IN STOCK!	28	6
230	Hair type: Curly	0	Not Dark Pattern	Hair type: Curly	16	3
745	DEAL ENDS IN 40:55:13	1	Urgency	DEAL ENDS IN 40:55:13	21	4
216	Someone bought: HYPE BLUE LARGE SPLAT KIDS LEGGINGS	1	Social Proof	Someone bought: HYPE BLUE LARGE SPLAT KIDS LEGGINGS	51	8
1171	Only 1 Left	1	Scarcity	Only 1 Left	11	3
198	Search for similiar products	0	Not Dark Pattern	Search for similiar products	28	4
1250	Only 33 left	1	Scarcity	Only 33 left	12	3
991	FAMILY SHADE PACK | PICK YOUR PACK	0	Not Dark Pattern	FAMILY SHADE PACK | PICK YOUR PACK	34	7
638	Promaster City Remotes	0	Not Dark Pattern	Promaster City Remotes	22	3
1217	Hurry, only a few left!	1	Scarcity	Hurry, only a few left!	23	5
1509	 V&A Collection People Tree’s collaboration with the Victoria and Albert Museum offers a stylish and contemporary capsule collection which celebrates the beauty and variety of pattern which the London museum is renowned for. 	0	Not Dark Pattern	V&A Collection People Tree’s collaboration with the Victoria and Albert Museum offers a stylish and contemporary capsule collection which celebrates the beauty and variety of pattern which the London museum is renowned for.	223	33
1115	Only 11 left!	1	Scarcity	Only 11 left!	13	3
1404	Hurry! Only 6 left in stock	1	Scarcity	Hurry! Only 6 left in stock	27	6
213	40 users are currently active on our website just now.	1	Social Proof	40 users are currently active on our website just now.	54	10
230	Hair Tools	0	Not Dark Pattern	Hair Tools	10	2
1429	Email Address*	0	Not Dark Pattern	Email Address*	14	2
1779	 Send Us Your Jersey 	0	Not Dark Pattern	Send Us Your Jersey	19	4
1468	 View All Home Office Furniture 	0	Not Dark Pattern	View All Home Office Furniture	30	5
1425	Search Result:Search Results: 	0	Not Dark Pattern	Search Result:Search Results:	29	3
1142	90% offers claimed. Hurry up!	1	Scarcity	90% offers claimed. Hurry up!	29	5
1536	Tube Tops	0	Not Dark Pattern	Tube Tops	9	2
21	"Mitchell H. Purchased a Dimplex IgniteXL 100"" Linear Built in Electric Fireplace"	1	Social Proof	"Mitchell H. Purchased a Dimplex IgniteXL 100"" Linear Built in Electric Fireplace"	80	12
230	Hair type: Wavy	0	Not Dark Pattern	Hair type: Wavy	15	3
215	7 people looked at this product in the last 24 hours.	1	Social Proof	7 people looked at this product in the last 24 hours.	53	11
527	Glow Gear	0	Not Dark Pattern	Glow Gear	9	2
1292	18 In Stock	1	Scarcity	18 In Stock	11	3
171	Someone in New Lynn bought a Kogan A1 Earphones with Inline Control for IOS/Android 1 hour ago.	1	Social Proof	Someone in New Lynn bought a Kogan A1 Earphones with Inline Control for IOS/Android 1 hour ago.	95	17
668	00:15:07:45	1	Urgency	00:15:07:45	11	1
315	No, I'll rather pay full price.	1	Misdirection	No, I'll rather pay full price.	31	6
1464	Only 9 Left.	1	Scarcity	Only 9 Left.	12	3
149	Deals of the Week	0	Not Dark Pattern	Deals of the Week	17	4
1667	 ... It covers love and loss, friendship and pain through 	0	Not Dark Pattern	... It covers love and loss, friendship and pain through	56	10
59	1 person is viewing this	1	Social Proof	1 person is viewing this	24	5
510	Your order is reserved for 09:14 minutes! 	1	Urgency	Your order is reserved for 09:14 minutes!	41	7
680	 Gift TypeFlowers, Cakes, Plants, etc. 	0	Not Dark Pattern	Gift TypeFlowers, Cakes, Plants, etc.	37	5
984	 CAMILLA World 	0	Not Dark Pattern	CAMILLA World	13	2
714	Sweep Train Simple A Line Tulle Wedding Dress with Appliques and Beading	0	Not Dark Pattern	Sweep Train Simple A Line Tulle Wedding Dress with Appliques and Beading	72	12
103	Fun Treat Tossing	0	Not Dark Pattern	Fun Treat Tossing	17	3
1024	Limited time remaining!	1	Urgency	Limited time remaining!	23	3
384	No thanks, I'll pay full price	1	Misdirection	No thanks, I'll pay full price	30	6
1434	Your shopping bag is empty...	0	Not Dark Pattern	Your shopping bag is empty...	29	5
209	Trousers & Chinos	0	Not Dark Pattern	Trousers & Chinos	17	3
1447	Only 7 left in stock!	1	Scarcity	Only 7 left in stock!	21	5
1272	Only 5 item(s) left.	1	Scarcity	Only 5 item(s) left.	20	4
664	 Chargers 	0	Not Dark Pattern	Chargers	8	1
1652	(only 5 left)	1	Scarcity	(only 5 left)	13	3
113	 Eyelashes 	0	Not Dark Pattern	Eyelashes	9	1
66	Pick the price that matches your budget. 	0	Not Dark Pattern	Pick the price that matches your budget.	40	7
212	Bringing the latest footwear, ‘fits and accessories from the biggest brands, the JD app makes coppin’ the hottest looks even easier!	0	Not Dark Pattern	Bringing the latest footwear, ‘fits and accessories from the biggest brands, the JD app makes coppin’ the hottest looks even easier!	132	21
1468	Child Safety	0	Not Dark Pattern	Child Safety	12	2
117	 Cosmic Rainbow 	0	Not Dark Pattern	Cosmic Rainbow	14	2
1488	NRA Annual Meetings & Exhibits	0	Not Dark Pattern	NRA Annual Meetings & Exhibits	30	5
1673	ShoesBootsCasual ShoesFormal ShoesSandals & Flip-flopsShoe Care & AccessoriesSlippersSneakers & CanvasSports Shoes	0	Not Dark Pattern	ShoesBootsCasual ShoesFormal ShoesSandals & Flip-flopsShoe Care & AccessoriesSlippersSneakers & CanvasSports Shoes	114	11
1317	 Moonstone Beads 	0	Not Dark Pattern	Moonstone Beads	15	2
400	I'll Shop Without A Discount	1	Misdirection	I'll Shop Without A Discount	28	5
1477	Only 11 Left In Stock	1	Scarcity	Only 11 Left In Stock	21	5
1446	 Netherlands Antilles USD	0	Not Dark Pattern	Netherlands Antilles USD	24	3
414	Was this product description useful?YesNo	0	Not Dark Pattern	Was this product description useful?YesNo	41	5
765	Returns Information	0	Not Dark Pattern	Returns Information	19	2
812	TiesToys & GamesTravelWatches	0	Not Dark Pattern	TiesToys & GamesTravelWatches	29	3
130	Bought by 39 people in last few hours! HOT SELLER!	1	Social Proof	Bought by 39 people in last few hours! HOT SELLER!	50	10
1381	Books and Stationery	0	Not Dark Pattern	Books and Stationery	20	3
494	Your order is reserved for 08:48 minutes!	1	Urgency	Your order is reserved for 08:48 minutes!	41	7
556	11 11 Hours: 00 22 Minutes: 3223 3223 Seconds	1	Urgency	11 11 Hours: 00 22 Minutes: 3223 3223 Seconds	45	9
1550	 Bioactive Custodians 	0	Not Dark Pattern	Bioactive Custodians	20	2
1330	 Most-Hearted Styles Shop Now 	0	Not Dark Pattern	Most-Hearted Styles Shop Now	28	4
1723	 Use a clean vase and clean water.	0	Not Dark Pattern	Use a clean vase and clean water.	33	7
1359	 well, this is awkward. 	0	Not Dark Pattern	well, this is awkward.	22	4
976	@elsieandpresley_ got some fantastic color results with our Hair Color Wax. Well done 👏	0	Not Dark Pattern	@elsieandpresley_ got some fantastic color results with our Hair Color Wax. Well done 👏	87	14
1409	 All Licensed 	0	Not Dark Pattern	All Licensed	12	2
133	Nursing chairs	0	Not Dark Pattern	Nursing chairs	14	2
1247	Only 1 Item(s) left	1	Scarcity	Only 1 Item(s) left	19	4
583	Discount pending $10 OFF 00:30:00	1	Urgency	Discount pending $10 OFF 00:30:00	33	5
149	Juniors' Shoes	0	Not Dark Pattern	Juniors' Shoes	14	2
1016	Limited Time: $10 Off! Discount Reflected In Price!	1	Urgency	Limited Time: $10 Off! Discount Reflected In Price!	51	8
1051	Switchers	0	Not Dark Pattern	Switchers	9	1
1158	 Data Processor Privacy Policy: https://cookieinformation.com/cookie-and-privacy-policy 	0	Not Dark Pattern	Data Processor Privacy Policy: https://cookieinformation.com/cookie-and-privacy-policy	86	5
1466	Ribbons	0	Not Dark Pattern	Ribbons	7	1
350	By clicking Sign Up, you agree to receive marketing text messages from Southern Tide at the number provided, including messages sent by autodialer. Consent is not a condition of any purchase. Message and data rates may apply. Message frequency varies. Reply HELP for help or STOP to cancel. View our Privacy Policy and Terms of Service.	0	Not Dark Pattern	By clicking Sign Up, you agree to receive marketing text messages from Southern Tide at the number provided, including messages sent by autodialer. Consent is not a condition of any purchase. Message and data rates may apply. Message frequency varies. Reply HELP for help or STOP to cancel. View our Privacy Policy and Terms of Service.	336	56
229	IN 43 PEOPLE'S SHOPPING BAG	1	Social Proof	IN 43 PEOPLE'S SHOPPING BAG	27	5
1317	 Amethyst Beads 	0	Not Dark Pattern	Amethyst Beads	14	2
300	Down Jackets	0	Not Dark Pattern	Down Jackets	12	2
502	Hurry up! Prices increase in 0 DAYS 11 HRS 59 MINS 55 SECS	1	Urgency	Hurry up! Prices increase in 0 DAYS 11 HRS 59 MINS 55 SECS	58	13
86	BERNARD in Philadelphia, United States purchased a	1	Social Proof	BERNARD in Philadelphia, United States purchased a	50	7
368	NO THANKS, I DON’T MIND MISSING OUT	1	Misdirection	NO THANKS, I DON’T MIND MISSING OUT	35	7
1198	Hurry, only 1 left!	1	Scarcity	Hurry, only 1 left!	19	4
1575	Only 26 Left	1	Scarcity	Only 26 Left	12	3
178	7 sold in last 24 hours	1	Social Proof	7 sold in last 24 hours	23	6
569	Buy Wearables»	0	Not Dark Pattern	Buy Wearables»	14	2
771	LAST CHANCE - UP TO 70% OFF - ENDS IN: 20 HRS 28 MINS 30 SECS	1	Urgency	LAST CHANCE - UP TO 70% OFF - ENDS IN: 20 HRS 28 MINS 30 SECS	61	16
907	 Watercolour Brushes Toggle category Watercolour Brushes 	0	Not Dark Pattern	Watercolour Brushes Toggle category Watercolour Brushes	55	6
729	LightInTheBox 掲載記事	0	Not Dark Pattern	LightInTheBox 掲載記事	18	2
108	Clear filter	0	Not Dark Pattern	Clear filter	12	2
825	HURRY UP > 09H 42M 39S	1	Urgency	HURRY UP > 09H 42M 39S	22	6
1409	 Sweats 	0	Not Dark Pattern	Sweats	6	1
976	Q: Will this damage my hair?	0	Not Dark Pattern	Q: Will this damage my hair?	28	6
1330	Brandon Blackwood	0	Not Dark Pattern	Brandon Blackwood	17	2
91	Someone in Sasebo, Japan just bought	1	Social Proof	Someone in Sasebo, Japan just bought	36	6
125	80 Customers are considering this product right now.	1	Social Proof	80 Customers are considering this product right now.	52	8
159	88 PEOPLE VIEWED ITEM IN THE LAST 24 HOURS	1	Social Proof	88 PEOPLE VIEWED ITEM IN THE LAST 24 HOURS	42	9
1468	 End Tables	0	Not Dark Pattern	End Tables	10	2
1235	ONLY 2 LEFT IN STOCK!	1	Scarcity	ONLY 2 LEFT IN STOCK!	21	5
1123	Only few items left in stock	1	Scarcity	Only few items left in stock	28	6
1535	Only 1.75 yards left in stock!	1	Scarcity	Only 1.75 yards left in stock!	30	6
688	 Brilliant! Chose what I wanted, and came a week later. Very happy with my purchase 	0	Not Dark Pattern	Brilliant! Chose what I wanted, and came a week later. Very happy with my purchase	82	15
267	71 people have purchased this item	1	Social Proof	71 people have purchased this item	34	6
1139	Only 8 left	1	Scarcity	Only 8 left	11	3
1749	Subscribe & Save	1	Misdirection	Subscribe & Save	16	3
803	We use cookies to improve our services, make personal offers, and enhance your experience. If you do not accept optional cookies below, your experience may be affected. If you want to know more, please, read the Cookie Policy	0	Not Dark Pattern	We use cookies to improve our services, make personal offers, and enhance your experience. If you do not accept optional cookies below, your experience may be affected. If you want to know more, please, read the Cookie Policy	225	38
79	Long Dress Style Beach Cover Up With Lace Detail Jessica in Metairie, United States	1	Social Proof	Long Dress Style Beach Cover Up With Lace Detail Jessica in Metairie, United States	83	14
8	Someone in Kilwinning, United Kingdom just bought Cuban Link Chain Bracelet	1	Social Proof	Someone in Kilwinning, United Kingdom just bought Cuban Link Chain Bracelet	75	11
509	00DAYS00HOURS14MINUTES21SECONDS	1	Urgency	00DAYS00HOURS14MINUTES21SECONDS	31	1
306	Great prices, professional customer services	0	Not Dark Pattern	Great prices, professional customer services	44	5
638	Carnival Remotes	0	Not Dark Pattern	Carnival Remotes	16	2
1659	Hurry! Only 1 left in size M!!	1	Scarcity	Hurry! Only 1 left in size M!!	30	7
946	Items in your cart are in high demand.	1	Scarcity	Items in your cart are in high demand.	38	8
1573	 VIP Points! 	0	Not Dark Pattern	VIP Points!	11	2
230	Root Touch Up + Brow Filler	0	Not Dark Pattern	Root Touch Up + Brow Filler	27	6
1639	Limited stock Only 2 left	1	Scarcity	Limited stock Only 2 left	25	5
1573	 Looks like your cart is empty, let's fix that! 	0	Not Dark Pattern	Looks like your cart is empty, let's fix that!	46	9
1209	Over 500 left in stock	1	Scarcity	Over 500 left in stock	22	5
1630	Lasers 	0	Not Dark Pattern	Lasers	6	1
264	Choose your payment day. View your schedule and select pay now.	0	Not Dark Pattern	Choose your payment day. View your schedule and select pay now.	63	11
199	Hurry up! 6 people other than you have this product in their cart	1	Social Proof	Hurry up! 6 people other than you have this product in their cart	65	13
1489	 E-Gift Cards 	0	Not Dark Pattern	E-Gift Cards	12	2
1168	1 LEFT	1	Scarcity	1 LEFT	6	2
252	Leslie in USA just Purchased Special Design Exclusive Handmade Silver Ring	1	Social Proof	Leslie in USA just Purchased Special Design Exclusive Handmade Silver Ring	74	11
680	 Personalised Chocolates 	0	Not Dark Pattern	Personalised Chocolates	23	2
1536	Shop Dresses by Occasion	0	Not Dark Pattern	Shop Dresses by Occasion	24	4
344	I do not want to protect my item	1	Misdirection	I do not want to protect my item	32	8
1713	Add to Your Gift and We'll Ship it For Free!	1	Misdirection	Add to Your Gift and We'll Ship it For Free!	44	10
1604	Wallets 	0	Not Dark Pattern	Wallets	7	1
1489	 Exclusive offers & discounts for club members via email 	0	Not Dark Pattern	Exclusive offers & discounts for club members via email	55	9
1056	Buy with humm.	0	Not Dark Pattern	Buy with humm.	14	3
1351	 Household Cleaning Kitchen Bathroom Eco Laundry General Cleaning Kitchenware Cook & Bakeware Food Storage & Preservation Kitchen Textiles Appliances Kitchen Appliances Household Appliances Bed, Bath & Living 	0	Not Dark Pattern	Household Cleaning Kitchen Bathroom Eco Laundry General Cleaning Kitchenware Cook & Bakeware Food Storage & Preservation Kitchen Textiles Appliances Kitchen Appliances Household Appliances Bed, Bath & Living	207	27
1009	Synthesis E-MTB Carbon Wheelset	0	Not Dark Pattern	Synthesis E-MTB Carbon Wheelset	31	4
84	25,439 people have viewed this item	1	Social Proof	25,439 people have viewed this item	35	6
379	No thanks I definitely measured correctly	1	Misdirection	No thanks I definitely measured correctly	41	6
181	57 PEOPLE HAVE LOOKED AT THIS TODAY	1	Social Proof	57 PEOPLE HAVE LOOKED AT THIS TODAY	35	7
65	Theresa from Botkins just bought Panoply 14918 A-line Lace Formal Dress	1	Social Proof	Theresa from Botkins just bought Panoply 14918 A-line Lace Formal Dress	71	11
1009	Women's ApparelCollection 	0	Not Dark Pattern	Women's ApparelCollection	25	2
1718	Before you check out, can we tempt you?	1	Misdirection	Before you check out, can we tempt you?	39	8
1328	 Women's Sandals 	0	Not Dark Pattern	Women's Sandals	15	2
1351	 Plant-Based Beauty 	0	Not Dark Pattern	Plant-Based Beauty	18	2
904	When you join the PetPlus Plan, you are given the option to purchase your membership on an annual or monthly basis and you are automatically enrolled in our recurring billing program. You may cancel at any time by contacting our customer service team, but you will not be refunded for any unused days on your membership if you choose to cancel prior to the end of your billing cycle. You may cancel your PetPlus membership at any time without penalty if you have not utilized any of your PetPlus benefits (including discounts on products and/or services). For customers charged on a monthly basis, if you have purchased products or used services using your PetPlus benefits, we will charge a $25 administrative fee per membership cancellation if the membership is cancelled within three months of enrollment.	1	Obstruction	When you join the PetPlus Plan, you are given the option to purchase your membership on an annual or monthly basis and you are automatically enrolled in our recurring billing program. You may cancel at any time by contacting our customer service team, but you will not be refunded for any unused days on your membership if you choose to cancel prior to the end of your billing cycle. You may cancel your PetPlus membership at any time without penalty if you have not utilized any of your PetPlus benefits (including discounts on products and/or services). For customers charged on a monthly basis, if you have purchased products or used services using your PetPlus benefits, we will charge a $25 administrative fee per membership cancellation if the membership is cancelled within three months of enrollment.	808	135
189	 Frame out of stock in this colour	0	Not Dark Pattern	Frame out of stock in this colour	33	7
1469	Hair Care Sets	0	Not Dark Pattern	Hair Care Sets	14	3
1332	Limited quantity remaining	1	Scarcity	Limited quantity remaining	26	3
1000	CareersAbout UsAffiliatesPrivacy SettingsAdvertise with usHelpSite map	0	Not Dark Pattern	CareersAbout UsAffiliatesPrivacy SettingsAdvertise with usHelpSite map	70	6
1686	128 sold today! Hurry, only a few left!	1	Scarcity	128 sold today! Hurry, only a few left!	39	8
303	4 people are looking at this right now.	1	Social Proof	4 people are looking at this right now.	39	8
335	No thanks, I dont want a discount	1	Misdirection	No thanks, I dont want a discount	33	7
235	Someone from Portland, United States (US) purchased MODALERT recently.	1	Social Proof	Someone from Portland, United States (US) purchased MODALERT recently.	70	9
1042	Limited Time Offer Limited Offer! 15% off on Naomi Home with Coupon 9N03. You pay $63.74	1	Urgency	Limited Time Offer Limited Offer! 15% off on Naomi Home with Coupon 9N03. You pay $63.74	88	16
151	2 people are viewing this	1	Social Proof	2 people are viewing this	25	5
1605	HURRY! ONLY 1 IN STOCK!	1	Scarcity	HURRY! ONLY 1 IN STOCK!	23	5
1304	Printed 	0	Not Dark Pattern	Printed	7	1
1044	Patient Transfer Devices	0	Not Dark Pattern	Patient Transfer Devices	24	3
622	 Summer Casual Printed Loosen Short Sleeve T-Shirt 	0	Not Dark Pattern	Summer Casual Printed Loosen Short Sleeve T-Shirt	49	7
622	 Summer V Neck Solid Color Short Sleeve Waffle T-Shirt 	0	Not Dark Pattern	Summer V Neck Solid Color Short Sleeve Waffle T-Shirt	53	9
1681	LAST CHANCE TO ACTIVATE 10% OFF	1	Scarcity	LAST CHANCE TO ACTIVATE 10% OFF	31	6
485	Your order is reserved for 09:45 minutes!	1	Urgency	Your order is reserved for 09:45 minutes!	41	7
1263	only 5 left	1	Scarcity	only 5 left	11	3
43	78 Persons looking for this product	1	Social Proof	78 Persons looking for this product	35	6
680	 Heart Shaped Cake 	0	Not Dark Pattern	Heart Shaped Cake	17	3
259	227 Bought Already	1	Social Proof	227 Bought Already	18	3
1026	You've made the starting lineup. Be on the look out for an exclusive offer for signing up.	0	Not Dark Pattern	You've made the starting lineup. Be on the look out for an exclusive offer for signing up.	90	17
766	Universal Fit Collapsible Smart Phone Stand	0	Not Dark Pattern	Universal Fit Collapsible Smart Phone Stand	43	6
1368	Hurry! Only Limited Items Left	1	Scarcity	Hurry! Only Limited Items Left	30	5
1646	現代奴隷法に対する透明性に関する声明 (opens in a new tab)	0	Not Dark Pattern	現代奴隷法に対する透明性に関する声明 (opens in a new tab)	39	6
941	Strong demand! Complete your order before it's too late!	1	Scarcity	Strong demand! Complete your order before it's too late!	56	9
550	Your order is reserved for 09:56 minutes!	1	Urgency	Your order is reserved for 09:56 minutes!	41	7
48	Sudha rana from Jaipur bought this product, 23 Mins ago.	1	Social Proof	Sudha rana from Jaipur bought this product, 23 Mins ago.	56	10
1466	Gift Wrapping Supplies	0	Not Dark Pattern	Gift Wrapping Supplies	22	3
308	6 others have already bought this deal today!	1	Social Proof	6 others have already bought this deal today!	45	8
896	"""No Worry"" Membership Renewal We will bill your credit card on file at the introductory rate of $2.99 per month for the first year, for membership rewards and discounts. At the end of the introductory period, you'll be billed at the regular monthly rate of $3.99 per month. If you don't want your membership renewed, simply contact us and we will cancel your subscription. You will be refunded for the current month's membership fee, less any membership savings you have received. Exclusive Toll-Free Hotline Number Because we want your calls to get top priority, we have a special number for Value Club members only: 1-800-648-4282. Your call will be handled with the utmost promptness, courtesy and efficiency possible."	1	Obstruction	"""No Worry"" Membership Renewal We will bill your credit card on file at the introductory rate of $2.99 per month for the first year, for membership rewards and discounts. At the end of the introductory period, you'll be billed at the regular monthly rate of $3.99 per month. If you don't want your membership renewed, simply contact us and we will cancel your subscription. You will be refunded for the current month's membership fee, less any membership savings you have received. Exclusive Toll-Free Hotline Number Because we want your calls to get top priority, we have a special number for Value Club members only: 1-800-648-4282. Your call will be handled with the utmost promptness, courtesy and efficiency possible."	721	118
1779	info@coolhockey.com	0	Not Dark Pattern	info@coolhockey.com	19	1
1004	"LIMITED TIME OFFER 10% OFF - ENTER CODE \""CASES\"" AT CHECKOUT"	1	Urgency	"LIMITED TIME OFFER 10% OFF - ENTER CODE \""CASES\"" AT CHECKOUT"	61	11
724	 Safe & Secure Checkout 	0	Not Dark Pattern	Safe & Secure Checkout	22	4
250	GRACE from ORLANDO, United States bought Camouflage Jumpsuit 31 minutes ago          	1	Social Proof	GRACE from ORLANDO, United States bought Camouflage Jumpsuit 31 minutes ago	75	11
142	Synne Kristine in Halden, bought Classic Bokksu Subscription (Billed Every 1 Month) (Ships every 1 Months) about 45 minutes ago	1	Social Proof	Synne Kristine in Halden, bought Classic Bokksu Subscription (Billed Every 1 Month) (Ships every 1 Months) about 45 minutes ago	127	20
1469	Wall Mounted Air Conditioners	0	Not Dark Pattern	Wall Mounted Air Conditioners	29	4
1691	803 Claimed! Hurry, only a few left!	1	Scarcity	803 Claimed! Hurry, only a few left!	36	7
64	Monira in Doha, Qatar purchased a LilyVanity™ Velvet Box	1	Social Proof	Monira in Doha, Qatar purchased a LilyVanity™ Velvet Box	56	9
1186	Only 2 left!	1	Scarcity	Only 2 left!	12	3
141	3 PEOPLE VIEWING	1	Social Proof	3 PEOPLE VIEWING	16	3
360	No thanks, I’d rather pay full price.	1	Misdirection	No thanks, I’d rather pay full price.	37	7
1304	Product Feature	0	Not Dark Pattern	Product Feature	15	2
883	Plant-based Protein	0	Not Dark Pattern	Plant-based Protein	19	2
1317	Parad Combo Deals 	0	Not Dark Pattern	Parad Combo Deals	17	3
198	Last Shape Guide	0	Not Dark Pattern	Last Shape Guide	16	3
1315	 Baby & Toddler Toys 	0	Not Dark Pattern	Baby & Toddler Toys	19	4
1766	Shipping Insurance Remove Insurance	1	Sneaking	Shipping Insurance Remove Insurance	35	4
680	Clocks 	0	Not Dark Pattern	Clocks	6	1
1317	 Cat's Eye Beads 	0	Not Dark Pattern	Cat's Eye Beads	15	3
264	Shop now. Pay later. Always interest-free	0	Not Dark Pattern	Shop now. Pay later. Always interest-free	41	6
1381	Stay with us in India	0	Not Dark Pattern	Stay with us in India	21	5
443	No thanks. I don’t want deals.	1	Misdirection	No thanks. I don’t want deals.	30	6
776	Wyse Thin Client	0	Not Dark Pattern	Wyse Thin Client	16	3
1038	AdjustableBucketHeadbandsSale Items- View All -	0	Not Dark Pattern	AdjustableBucketHeadbandsSale Items- View All -	47	5
648	 Every bicycle tells a story 	0	Not Dark Pattern	Every bicycle tells a story	27	5
1658	 This site uses cookies to provide and improve your shopping experience. If you want to benefit from this improved service, please opt-in. 	0	Not Dark Pattern	This site uses cookies to provide and improve your shopping experience. If you want to benefit from this improved service, please opt-in.	137	22
1717	Add and save!	1	Misdirection	Add and save!	13	3
1469	Intercoms & Doorbells	0	Not Dark Pattern	Intercoms & Doorbells	21	3
1536	Boys Purple School Uniforms	0	Not Dark Pattern	Boys Purple School Uniforms	27	4
212	RECENTLY VIEWED 2 others viewed this in the last few hours	1	Social Proof	RECENTLY VIEWED 2 others viewed this in the last few hours	58	11
179	2 viewed per hour	1	Social Proof	2 viewed per hour	17	4
133	1 other customers have this item in their shopping cart	1	Social Proof	1 other customers have this item in their shopping cart	55	10
1408	ONLY A FEW LEFT IN STOCK	1	Scarcity	ONLY A FEW LEFT IN STOCK	24	6
646	1day21:04:58	1	Urgency	1day21:04:58	12	1
1330	Fashion Forms	0	Not Dark Pattern	Fashion Forms	13	2
1348	Stock Low : 6 items left.	1	Scarcity	Stock Low : 6 items left.	25	6
374	NO, I'LL PAY FULL PRICE	1	Misdirection	NO, I'LL PAY FULL PRICE	23	5
1550	Terrarium Light Canopies	0	Not Dark Pattern	Terrarium Light Canopies	24	3
1533	HURRY, LOW IN STOCK!	1	Scarcity	HURRY, LOW IN STOCK!	20	4
1144	Only 4 copies left	1	Scarcity	Only 4 copies left	18	4
1424	2 LEFT	1	Scarcity	2 LEFT	6	2
209	Feedback	0	Not Dark Pattern	Feedback	8	1
605	2 DAYS 13:06:13	1	Urgency	2 DAYS 13:06:13	15	3
1009	Receive news and updates on new products	0	Not Dark Pattern	Receive news and updates on new products	40	7
162	5338 people bought this	1	Social Proof	5338 people bought this	23	4
1103	2 left in stock	1	Scarcity	2 left in stock	15	4
1316	 dFresh - Fresh Products 	0	Not Dark Pattern	dFresh - Fresh Products	23	4
1815	Thanks! -RMO Team	0	Not Dark Pattern	Thanks! -RMO Team	17	3
99	6,743 people have viewed recently	1	Social Proof	6,743 people have viewed recently	33	5
932	Selling fast!	1	Scarcity	Selling fast!	13	2
203	Welcome To Hotter us	0	Not Dark Pattern	Welcome To Hotter us	20	4
1039	ON SALE: Select Seasonal T-Shirts only $19.99! Limited time only! Save Now!	1	Urgency	ON SALE: Select Seasonal T-Shirts only $19.99! Limited time only! Save Now!	75	12
782	 To enable notifications, click 'Allow' when prompted. 	0	Not Dark Pattern	To enable notifications, click 'Allow' when prompted.	53	7
1026	 PHX Mercury 	0	Not Dark Pattern	PHX Mercury	11	2
1009	Easy Release Cleat Kit	0	Not Dark Pattern	Easy Release Cleat Kit	22	4
56	111 people have purchased this item	1	Social Proof	111 people have purchased this item	35	6
1723	Flowers Trivia:	0	Not Dark Pattern	Flowers Trivia:	15	2
675	Your order is reserved for 09:58 minutes!	1	Urgency	Your order is reserved for 09:58 minutes!	41	7
1667	I've recommended The Keeper of Lost Things to everyone.	0	Not Dark Pattern	I've recommended The Keeper of Lost Things to everyone.	55	9
1027	LIMITED TIME! - Save $5 OFF Orders $70+ Coupon: SAVE5 - PLUS - Free Gift on Orders $125+	1	Urgency	LIMITED TIME! - Save $5 OFF Orders $70+ Coupon: SAVE5 - PLUS - Free Gift on Orders $125+	88	18
930	1 Netflix offer: Not available to customers with an active Netflix offer from Vodafone. Available only on Red+ Lite, Unlimited, Red+ Essentials and Red+ until the 8th of August 2019. Exit fee of $60 applies if you exit or transfer your plan before 6 months. Plan exit fees may also apply. Netflix Offer: One year Netflix ‘Standard’ plan ($14.99 a month) credit will be applied to your Netflix account on activation. At the end of your credit, you will be charged at your Netflix plan rate unless you cancel your Netflix subscription. Cancel Netflix at any time. Netflix compatible device required. See eligible plans and full Netflix terms.	1	Sneaking	1 Netflix offer: Not available to customers with an active Netflix offer from Vodafone. Available only on Red+ Lite, Unlimited, Red+ Essentials and Red+ until the 8th of August 2019. Exit fee of $60 applies if you exit or transfer your plan before 6 months. Plan exit fees may also apply. Netflix Offer: One year Netflix ‘Standard’ plan ($14.99 a month) credit will be applied to your Netflix account on activation. At the end of your credit, you will be charged at your Netflix plan rate unless you cancel your Netflix subscription. Cancel Netflix at any time. Netflix compatible device required. See eligible plans and full Netflix terms.	640	108
573	Celebrity Synthetic Wigs	0	Not Dark Pattern	Celebrity Synthetic Wigs	24	3
73	1626 people seeing this product right now	1	Social Proof	1626 people seeing this product right now	41	7
1667	Book picture is for illustrative purposes only, actual binding, cover or edition may vary.	0	Not Dark Pattern	Book picture is for illustrative purposes only, actual binding, cover or edition may vary.	90	14
1673	Converse	0	Not Dark Pattern	Converse	8	1
188	Stay Connected	0	Not Dark Pattern	Stay Connected	14	2
1357	Only 1 left in Stock	1	Scarcity	Only 1 left in Stock	20	5
1451	sales@ecklers.net	0	Not Dark Pattern	sales@ecklers.net	17	1
520	0 Days 2 Hours 57 Minutes 53 Seconds	1	Urgency	0 Days 2 Hours 57 Minutes 53 Seconds	36	8
3	Sharmeen Atif From Karachi just bought Stylish Metal Glasses Frames For Kids-Assorted-NA7157	1	Social Proof	Sharmeen Atif From Karachi just bought Stylish Metal Glasses Frames For Kids-Assorted-NA7157	92	12
1189	Only 34 Left!	1	Scarcity	Only 34 Left!	13	3
105	William in Pago Pago, United States purchased a	1	Social Proof	William in Pago Pago, United States purchased a	47	8
361	No thanks, I don’t like fun and games.	1	Misdirection	No thanks, I don’t like fun and games.	38	8
1704	PROTECT YOUR SOFA! Your Humblebum Sofa in Thatch house fabric will look wicked! Why not add Castelan Fabric Protection to cover your new squish machine against wine spillages, messy TV dinners, and other disasters for just just £80?	1	Misdirection	PROTECT YOUR SOFA! Your Humblebum Sofa in Thatch house fabric will look wicked! Why not add Castelan Fabric Protection to cover your new squish machine against wine spillages, messy TV dinners, and other disasters for just just £80?	232	38
1488	Explore The NRA Universe Of Websites	0	Not Dark Pattern	Explore The NRA Universe Of Websites	36	6
667	New In Special Occasion	0	Not Dark Pattern	New In Special Occasion	23	4
664	› New Year, New Kit Sale	0	Not Dark Pattern	› New Year, New Kit Sale	24	6
793	HURRY, ORDER WITHIN 16h 59m 06s TO GET 35% OFF EVERYTHING* EXCL SALE & BEAUTY ENTER: DOLL35	1	Urgency	HURRY, ORDER WITHIN 16h 59m 06s TO GET 35% OFF EVERYTHING* EXCL SALE & BEAUTY ENTER: DOLL35	91	17
108	 Title of Review 	0	Not Dark Pattern	Title of Review	15	3
622	We uses cookies (and similar techniques) to provide you with better products and services. Your permission will be confirmed if you continue using this website.Read more	0	Not Dark Pattern	We uses cookies (and similar techniques) to provide you with better products and services. Your permission will be confirmed if you continue using this website.Read more	169	26
795	LAST CHANCE TO SAVE... enter your email to Save 20% on your first order 00 hours :29 minutes :43 seconds	1	Urgency	LAST CHANCE TO SAVE... enter your email to Save 20% on your first order 00 hours :29 minutes :43 seconds	104	20
654	OFFER EXPIRES IN: YES NO Want 10% Off Your First Order? 7 minutes 35 seconds	1	Urgency	OFFER EXPIRES IN: YES NO Want 10% Off Your First Order? 7 minutes 35 seconds	76	15
628	Cellular/Honeycomb Shades	0	Not Dark Pattern	Cellular/Honeycomb Shades	25	2
232	113 people have viewed in the last 24hrs	1	Social Proof	113 people have viewed in the last 24hrs	40	8
4	Epilepsy Safe Profile: this profile enables people with epilepsy to safely use the website by eliminating the risk of seizures resulting from flashing or blinking animations and risky color combinations.	0	Not Dark Pattern	Epilepsy Safe Profile: this profile enables people with epilepsy to safely use the website by eliminating the risk of seizures resulting from flashing or blinking animations and risky color combinations.	203	30
66	Jamie in Nashville, United States purchased	1	Social Proof	Jamie in Nashville, United States purchased	43	6
163	Denise in Saluda, Virginia bought Terani Couture - 1911E9095 Embroidered Asymmetric Neck Mermaid Gown	1	Social Proof	Denise in Saluda, Virginia bought Terani Couture - 1911E9095 Embroidered Asymmetric Neck Mermaid Gown	101	14
203	Don't miss out! We've sold 38 in the last few days.	1	Social Proof	Don't miss out! We've sold 38 in the last few days.	51	11
355	No, thank you. I prefer to pay the full price	1	Misdirection	No, thank you. I prefer to pay the full price	45	10
420	No Thanks, I don't like exclusive deals.	1	Misdirection	No Thanks, I don't like exclusive deals.	40	7
1522	Loading interface...	0	Not Dark Pattern	Loading interface...	20	2
1026	 SAF Warriors 	0	Not Dark Pattern	SAF Warriors	12	2
113	 Lens Manual Washer 	0	Not Dark Pattern	Lens Manual Washer	18	3
322	No thanks, I'd like 0% off	1	Misdirection	No thanks, I'd like 0% off	26	6
573	Warm Tips	0	Not Dark Pattern	Warm Tips	9	2
1328	 Our Carbon Footprint 	0	Not Dark Pattern	Our Carbon Footprint	20	3
622	 Women's Summer New Clerk Large Size Loose Cotton And Linen Blouse 	0	Not Dark Pattern	Women's Summer New Clerk Large Size Loose Cotton And Linen Blouse	65	11
1786	Uncheck the box if you prefer not to receive email updates.	1	Misdirection	Uncheck the box if you prefer not to receive email updates.	59	11
1343	| Add to Compare	0	Not Dark Pattern	| Add to Compare	16	4
407	No Thanks, I Don't Want a Free Gift	1	Misdirection	No Thanks, I Don't Want a Free Gift	35	8
682	 World of Sweats 	0	Not Dark Pattern	World of Sweats	15	3
953	This item is in high demand.	1	Scarcity	This item is in high demand.	28	6
300	Cargo Trousers	0	Not Dark Pattern	Cargo Trousers	14	2
573	Hair Bundles With Closure	0	Not Dark Pattern	Hair Bundles With Closure	25	4
1648	BreakThrough	0	Not Dark Pattern	BreakThrough	12	1
1084	ONLY 1 LEFT! GET IT NOW!	1	Scarcity	ONLY 1 LEFT! GET IT NOW!	24	6
156	Our most recent customers are from New Rochelle, Roseville, and Brooksville	1	Social Proof	Our most recent customers are from New Rochelle, Roseville, and Brooksville	75	11
638	ShopClose menu	0	Not Dark Pattern	ShopClose menu	14	2
822	Used Rifles	0	Not Dark Pattern	Used Rifles	11	2
1379	ONLY 4 LEFT	1	Scarcity	ONLY 4 LEFT	11	3
1338	Limited quantity! 	1	Scarcity	Limited quantity!	17	2
1711	DON'T MISS ON THESE AWESOME ITEMS / DON'T MISS ON OUR TABLE DECORATION SYSTEM	1	Misdirection	DON'T MISS ON THESE AWESOME ITEMS / DON'T MISS ON OUR TABLE DECORATION SYSTEM	77	14
1325	Hurry! Only 15 left!	1	Scarcity	Hurry! Only 15 left!	20	4
713	 Motocross Boots 	0	Not Dark Pattern	Motocross Boots	15	2
1328	 Remove Product? 	0	Not Dark Pattern	Remove Product?	15	2
1315	 Nursery 	0	Not Dark Pattern	Nursery	7	1
822	Footwear Accessories	0	Not Dark Pattern	Footwear Accessories	20	2
1429	Only a few more left!	1	Scarcity	Only a few more left!	21	5
592	0011Days:0088Hours:4411Minutes:21125445Seconds	1	Urgency	0011Days:0088Hours:4411Minutes:21125445Seconds	46	1
103	and future features included!	0	Not Dark Pattern	and future features included!	29	4
167	69 people are viewing this	1	Social Proof	69 people are viewing this	26	5
1415	Only 4 items left in stock.	1	Scarcity	Only 4 items left in stock.	27	6
1550	Natural Backgrounds	0	Not Dark Pattern	Natural Backgrounds	19	2
1009	Speed Lace Accessory Kit - Orange	0	Not Dark Pattern	Speed Lace Accessory Kit - Orange	33	6
389	No Thanks, I Prefer Paying Full Price	1	Misdirection	No Thanks, I Prefer Paying Full Price	37	7
1658	Package RecyclingWe do try when possible to reuse packaging from our own suppliers in order to send purchased items to our customers, we ask if the packaging is still in good condition after you've received your goods then please try to use it again or recycle if not possible.	0	Not Dark Pattern	Package RecyclingWe do try when possible to reuse packaging from our own suppliers in order to send purchased items to our customers, we ask if the packaging is still in good condition after you've received your goods then please try to use it again or recycle if not possible.	277	49
817	Ends in 1 Days, 4 Minutes, 44 Seconds	1	Urgency	Ends in 1 Days, 4 Minutes, 44 Seconds	37	8
1451	In Stock - Limited Quantity	1	Scarcity	In Stock - Limited Quantity	27	5
128	on Freight	0	Not Dark Pattern	on Freight	10	2
527	Canvas Wall Art	0	Not Dark Pattern	Canvas Wall Art	15	3
1524	Only 8 left in stock. Almost Gone!	1	Scarcity	Only 8 left in stock. Almost Gone!	34	7
719	JFN V Neck Lace Cut-Out Basic T-Shirt/Tee	0	Not Dark Pattern	JFN V Neck Lace Cut-Out Basic T-Shirt/Tee	41	7
766	or	0	Not Dark Pattern	or	2	1
1197	 Short Sleeve Dresses 	0	Not Dark Pattern	Short Sleeve Dresses	20	3
1059	Limited time only: FREE SHIPPING on all orders, no minimum required!	1	Urgency	Limited time only: FREE SHIPPING on all orders, no minimum required!	68	11
387	No thanks, I don't like promotions and exclusive content.	1	Misdirection	No thanks, I don't like promotions and exclusive content.	57	9
724	 Shop All Lehenga Choli 	0	Not Dark Pattern	Shop All Lehenga Choli	22	4
1330	Lack Of Color	0	Not Dark Pattern	Lack Of Color	13	3
61	 Eye Protection	0	Not Dark Pattern	Eye Protection	14	2
1472	10 Left	1	Scarcity	10 Left	7	2
1468	 REPLACE-WITH-DYANMIC-HOST-ID	0	Not Dark Pattern	REPLACE-WITH-DYANMIC-HOST-ID	28	1
209	TVs	0	Not Dark Pattern	TVs	3	1
1124	Only 2 left	1	Scarcity	Only 2 left	11	3
1428	Temporary Tattoos	0	Not Dark Pattern	Temporary Tattoos	17	2
674	3Days01:49:51 Left	1	Urgency	3Days01:49:51 Left	18	2
190	Log in / Create an account	0	Not Dark Pattern	Log in / Create an account	26	6
758	Your order is reserved for 07:28 minutes!	1	Urgency	Your order is reserved for 07:28 minutes!	41	7
1667	 is full of sorrow and joy that weaves the life stories of its characters, exploring relationships, illness and loss * Manchester Weekly News *	0	Not Dark Pattern	is full of sorrow and joy that weaves the life stories of its characters, exploring relationships, illness and loss * Manchester Weekly News *	142	24
208	OH SO POPULAR! 21 bought in the last 7 days.	1	Social Proof	OH SO POPULAR! 21 bought in the last 7 days.	44	10
442	No Thanks, I'll Pay Full Price	1	Misdirection	No Thanks, I'll Pay Full Price	30	6
1268	Card Storage	0	Not Dark Pattern	Card Storage	12	2
288	2 customers recently bought it	1	Social Proof	2 customers recently bought it	30	5
1069	Only 1 left in stock	1	Scarcity	Only 1 left in stock	20	5
1009	Horizon Wide Neck Sweatshirt	0	Not Dark Pattern	Horizon Wide Neck Sweatshirt	28	4
1536	All Womens Accessories	0	Not Dark Pattern	All Womens Accessories	22	3
1166	Only 1 left in stock! Get in quick!	1	Scarcity	Only 1 left in stock! Get in quick!	35	8
1648	Strip Softbox	0	Not Dark Pattern	Strip Softbox	13	2
720	You left 2 items in your bag Released in: 29 minutes :07 seconds	1	Urgency	You left 2 items in your bag Released in: 29 minutes :07 seconds	64	13
1056	Your first payment will be due on the day of your purchase.*	0	Not Dark Pattern	Your first payment will be due on the day of your purchase.*	60	12
58	7 people have it in their cart	1	Social Proof	7 people have it in their cart	30	7
1119	Pre-order 3 left	1	Scarcity	Pre-order 3 left	16	3
673	Offer ends in 15hrs 1min 56sec!	1	Urgency	Offer ends in 15hrs 1min 56sec!	31	6
974	Hurry, this style is selling fast!	1	Scarcity	Hurry, this style is selling fast!	34	6
1736	 Glows In The Dark 	0	Not Dark Pattern	Glows In The Dark	17	4
1469	Towel Rails & Racks	0	Not Dark Pattern	Towel Rails & Racks	19	4
568	When you place healing crystals in a symmetrical fashion and activate it with a crystal wand, the pattern is charged to send messages to the universe. A healing crystal grid uses sophisticated symmetry for manifestation.	0	Not Dark Pattern	When you place healing crystals in a symmetrical fashion and activate it with a crystal wand, the pattern is charged to send messages to the universe. A healing crystal grid uses sophisticated symmetry for manifestation.	220	35
1104	Hurry, only 3 left!	1	Scarcity	Hurry, only 3 left!	19	4
538	FREE NECKLACE FOR MOM 01Days 01Hrs 35Mins 02Secs	1	Urgency	FREE NECKLACE FOR MOM 01Days 01Hrs 35Mins 02Secs	48	8
1648	Quick Release	0	Not Dark Pattern	Quick Release	13	2
976	Blonde/Bleached Hair: All colors look great. Silver won't be prominent on bleached hair though.	0	Not Dark Pattern	Blonde/Bleached Hair: All colors look great. Silver won't be prominent on bleached hair though.	95	14
1064	Free Upgrade, Limited Time!\n*DISH Install Not Available*	1	Urgency	Free Upgrade, Limited Time!\n*DISH Install Not Available*	57	7
103	Chatting	0	Not Dark Pattern	Chatting	8	1
822	Specialist Tools	0	Not Dark Pattern	Specialist Tools	16	2
822	 Menu Search 	0	Not Dark Pattern	Menu Search	11	2
1056	 Fashion Bags 	0	Not Dark Pattern	Fashion Bags	12	2
424	No thanks, I don't like discounts	1	Misdirection	No thanks, I don't like discounts	33	6
1450	Going Fast: Limited Quantities Left!	1	Scarcity	Going Fast: Limited Quantities Left!	36	5
1351	 This is a green tea without the bitterness. 	0	Not Dark Pattern	This is a green tea without the bitterness.	43	8
216	Spring Styles 	0	Not Dark Pattern	Spring Styles	13	2
1367	Rate & Review 	0	Not Dark Pattern	Rate & Review	13	3
898	You may cancel your JustFab VIP Membership at any time. There is absolutely no cancellation fee. If you would like to continue receiving selections, then just skip the month by clicking Skip This Month in your Boutique between the 1st and the 5th of the month. You won't be charged and no member credit will be generated for you. If you no longer want to skip the month, then call our Fashion Consultants on 020 36953830 (local rate) Mon-Fri 8:00AM to 8:00PM and Sat-Sun 10:00AM to 6:00PM or cancel your membership via chat.	1	Obstruction	You may cancel your JustFab VIP Membership at any time. There is absolutely no cancellation fee. If you would like to continue receiving selections, then just skip the month by clicking Skip This Month in your Boutique between the 1st and the 5th of the month. You won't be charged and no member credit will be generated for you. If you no longer want to skip the month, then call our Fashion Consultants on 020 36953830 (local rate) Mon-Fri 8:00AM to 8:00PM and Sat-Sun 10:00AM to 6:00PM or cancel your membership via chat.	524	93
1265	Only 498 left	1	Scarcity	Only 498 left	13	3
638	Cooper Remotes	0	Not Dark Pattern	Cooper Remotes	14	2
206	Over 38 bought	1	Social Proof	Over 38 bought	14	3
1630	 Mitre Saws 	0	Not Dark Pattern	Mitre Saws	10	2
827	Christian Dior	0	Not Dark Pattern	Christian Dior	14	2
117	Share this product	0	Not Dark Pattern	Share this product	18	3
1630	 Space Heaters & Workshop Heaters 	0	Not Dark Pattern	Space Heaters & Workshop Heaters	32	5
1240	Hurry! Only a few of these left	1	Scarcity	Hurry! Only a few of these left	31	7
1646	Only 2 Left!	1	Scarcity	Only 2 Left!	12	3
1466	Animals & Action Figures	0	Not Dark Pattern	Animals & Action Figures	24	4
1563	only 2 left	1	Scarcity	only 2 left	11	3
1273	Only 1 Item Left!	1	Scarcity	Only 1 Item Left!	17	4
695	HAUTELOOK 04:53	1	Urgency	HAUTELOOK 04:53	15	2
1160	Only 1 item left	1	Scarcity	Only 1 item left	16	4
1367	 WANNA COLLAB? 	0	Not Dark Pattern	WANNA COLLAB?	13	2
1736	 PopTop Refine by Product Type: PopTop 	0	Not Dark Pattern	PopTop Refine by Product Type: PopTop	37	6
981	* Limited Time Offer *\nFREE\nTLPWR1 Test Leads!	1	Urgency	* Limited Time Offer *\nFREE\nTLPWR1 Test Leads!	48	7
767	Earn FanCash on all purchases!	0	Not Dark Pattern	Earn FanCash on all purchases!	30	5
1468	Bob's Outreach 	0	Not Dark Pattern	Bob's Outreach	14	2
1658	Cleaning Brushes & Tools	0	Not Dark Pattern	Cleaning Brushes & Tools	24	4
1648	Sunwayfoto	0	Not Dark Pattern	Sunwayfoto	10	1
39	85 have it in their cart	1	Social Proof	85 have it in their cart	24	6
883	If you wish to cancel your subscription, you can email us at getflat@flattummyco.com	1	Obstruction	If you wish to cancel your subscription, you can email us at getflat@flattummyco.com	84	13
417	No thanks. I'd rather pay full price.	1	Misdirection	No thanks. I'd rather pay full price.	37	7
1479	Only 3 pieces in stock!	1	Scarcity	Only 3 pieces in stock!	23	5
1079	ONLY 3 LEFT IN STOCK.	1	Scarcity	ONLY 3 LEFT IN STOCK.	21	5
1446	Free Embroidery Patterns	0	Not Dark Pattern	Free Embroidery Patterns	24	3
1469	Mixing & Measuring	0	Not Dark Pattern	Mixing & Measuring	18	3
885	Members may cancel their Membership at any time during their Membership term and receive a full refund, less any benefits/savings received in their current Membership term (for example, Buyer’s Club Discounts received or free shipping). Refunds for completed years completed will not be made, even if the Member did not use any of the benefits during the Membership term. To cancel your membership, please contact our customer service department by contacting us at 1-800-375-3006.	1	Obstruction	Members may cancel their Membership at any time during their Membership term and receive a full refund, less any benefits/savings received in their current Membership term (for example, Buyer’s Club Discounts received or free shipping). Refunds for completed years completed will not be made, even if the Member did not use any of the benefits during the Membership term. To cancel your membership, please contact our customer service department by contacting us at 1-800-375-3006.	481	74
1759	To qualify, simply verify your status during checkout on the payment step. We verify through ID.me, our trusted technology partner for secure digital identity verification. 	0	Not Dark Pattern	To qualify, simply verify your status during checkout on the payment step. We verify through ID.me, our trusted technology partner for secure digital identity verification.	172	25
450	no thanks, I'll save money another day	1	Misdirection	no thanks, I'll save money another day	38	7
257	Shopper from Saint John, NB viewed Lenovo ThinkCentre M710t 10M9000RUS Desktop Computer 3 minutes ago!	1	Social Proof	Shopper from Saint John, NB viewed Lenovo ThinkCentre M710t 10M9000RUS Desktop Computer 3 minutes ago!	102	15
1409	Only 2 Left In Stock	1	Scarcity	Only 2 Left In Stock	20	5
361	 Best-Selling Products 	0	Not Dark Pattern	Best-Selling Products	21	2
1028	LIMITED TIME ONLY!	1	Urgency	LIMITED TIME ONLY!	18	3
1293	 Subscribe! Don’t be caught empty handed 	0	Not Dark Pattern	Subscribe! Don’t be caught empty handed	39	6
246	 Add to Cart 	0	Not Dark Pattern	Add to Cart	11	3
990	Now 30% off - hurry, limited time offer!	1	Urgency	Now 30% off - hurry, limited time offer!	40	8
1541	The requested page could not be found	0	Not Dark Pattern	The requested page could not be found	37	7
1468	 View In Your Room 	0	Not Dark Pattern	View In Your Room	17	4
1174	 EVO SP All EVO SP parts and accessories 	0	Not Dark Pattern	EVO SP All EVO SP parts and accessories	39	8
1434	 Circa Punches 	0	Not Dark Pattern	Circa Punches	13	2
752	 Riding Culture Neue Lifestyle-Marke bei motoin 	0	Not Dark Pattern	Riding Culture Neue Lifestyle-Marke bei motoin	46	6
667	Ericdress Long Sleeve Mesh Off Shoulder Summer Dress	0	Not Dark Pattern	Ericdress Long Sleeve Mesh Off Shoulder Summer Dress	52	8
1351	Green Tea is made up of properties that have been known to increase caloric expenditure as well as the metabolism of fat	0	Not Dark Pattern	Green Tea is made up of properties that have been known to increase caloric expenditure as well as the metabolism of fat	120	22
350	COLLEGIATE	0	Not Dark Pattern	COLLEGIATE	10	1
1653	Sparkling Elegance	0	Not Dark Pattern	Sparkling Elegance	18	2
287	To add to Wishlist, please register or sign in.	0	Not Dark Pattern	To add to Wishlist, please register or sign in.	47	9
1110	HURRY! Only a few left in stock!	1	Scarcity	HURRY! Only a few left in stock!	32	7
216	 New In Lunch Boxes 	0	Not Dark Pattern	New In Lunch Boxes	18	4
1446	 Cayman Islands USD	0	Not Dark Pattern	Cayman Islands USD	18	3
318	No Thanks, I rather pay full price	1	Misdirection	No Thanks, I rather pay full price	34	7
264	 View All Shoes 	0	Not Dark Pattern	View All Shoes	14	3
152	Someone from Airdrie & 10820 others bought this item recently.	1	Social Proof	Someone from Airdrie & 10820 others bought this item recently.	62	10
1330	Rachel Comey	0	Not Dark Pattern	Rachel Comey	12	2
204	52 people are looking at this right now.	1	Social Proof	52 people are looking at this right now.	40	8
845	1 day 08:15:25	1	Urgency	1 day 08:15:25	14	3
173	estiven in Deer Park, United States purchased PreWash™ 4 oz	1	Social Proof	estiven in Deer Park, United States purchased PreWash™ 4 oz	59	10
833	Delivery & Offers Terms	0	Not Dark Pattern	Delivery & Offers Terms	23	4
106	Oscar from Cajamarca, Peru purchased	1	Social Proof	Oscar from Cajamarca, Peru purchased	36	5
353	 New Arrivals	0	Not Dark Pattern	New Arrivals	12	2
569	 Buy Tablets 	0	Not Dark Pattern	Buy Tablets	11	2
1573	Only 3 Left	1	Scarcity	Only 3 Left	11	3
69	Present your Fave voucher (it's in the Purchases tab under My Fave) at the outlet.	0	Not Dark Pattern	Present your Fave voucher (it's in the Purchases tab under My Fave) at the outlet.	82	15
1393	ONLY 1 REMAINING	1	Scarcity	ONLY 1 REMAINING	16	3
1648	Point & Shoots	0	Not Dark Pattern	Point & Shoots	14	3
190	Already have an account?	0	Not Dark Pattern	Already have an account?	24	4
568	 Mystic Topaz: Rings, Earrings, Necklaces and Bracelets 	0	Not Dark Pattern	Mystic Topaz: Rings, Earrings, Necklaces and Bracelets	54	7
1719	Necessary Protection..	1	Misdirection	Necessary Protection..	22	2
530	Joybird Design House	0	Not Dark Pattern	Joybird Design House	20	3
1158	What is a cookie?	0	Not Dark Pattern	What is a cookie?	17	4
301	Someone in Spain purchased	1	Social Proof	Someone in Spain purchased	26	4
1599	LIMITED QUANTITY	1	Scarcity	LIMITED QUANTITY	16	2
527	View All Tops	0	Not Dark Pattern	View All Tops	13	3
585	02:06:40 left to buy	1	Urgency	02:06:40 left to buy	20	4
87	Limited Edition Honeycomb Necklace (Bee Inspired) Someone purchased a Limited Edition Honeycomb Necklace (Bee Inspired)	1	Social Proof	Limited Edition Honeycomb Necklace (Bee Inspired) Someone purchased a Limited Edition Honeycomb Necklace (Bee Inspired)	119	15
415	NO THANKS, I'll PAY FULL PRICE	1	Misdirection	NO THANKS, I'll PAY FULL PRICE	30	6
249	13 people have added this to their cart	1	Social Proof	13 people have added this to their cart	39	8
1550	Panther Anole	0	Not Dark Pattern	Panther Anole	13	2
1369	Last chance! Only 1 left	1	Scarcity	Last chance! Only 1 left	24	5
767	AccessoriesCar AccessoriesDressesFootwearHome & OfficeJacketsLawn & OutdoorsPantsPolosShirts & SweatersShortsSleepwear & UnderwearSwim CollectionTailgatingSale Items- View All -	0	Not Dark Pattern	AccessoriesCar AccessoriesDressesFootwearHome & OfficeJacketsLawn & OutdoorsPantsPolosShirts & SweatersShortsSleepwear & UnderwearSwim CollectionTailgatingSale Items- View All -	177	15
1056	Pay weekly 	0	Not Dark Pattern	Pay weekly	10	2
910	YOU MAY CANCEL YOUR WINE CLUB MEMBERSHIP OR ANY HOLIDAY SHIPMENTS AT ANY TIME BY CONTACTING US AT 1-877-975-9463, AND WE WILL PROMPTLY STOP PROCESSING THE RECURRING PAYMENTS.	1	Obstruction	YOU MAY CANCEL YOUR WINE CLUB MEMBERSHIP OR ANY HOLIDAY SHIPMENTS AT ANY TIME BY CONTACTING US AT 1-877-975-9463, AND WE WILL PROMPTLY STOP PROCESSING THE RECURRING PAYMENTS.	174	28
113	I have green eyes and with these bright green contacts makes my eyes look out of this world amazing. I love them and they have lasted months!!	0	Not Dark Pattern	I have green eyes and with these bright green contacts makes my eyes look out of this world amazing. I love them and they have lasted months!!	142	27
1005	Sale ends soon:	1	Urgency	Sale ends soon:	15	3
1260	Only 16531 items left in stock!	1	Scarcity	Only 16531 items left in stock!	31	6
1731	Want a special deal? Bundle and SAVE UPTO30%	1	Misdirection	Want a special deal? Bundle and SAVE UPTO30%	44	8
94	4 people have purchased this item	1	Social Proof	4 people have purchased this item	33	6
1673	BABY BOYSShoesClothingAccessories	0	Not Dark Pattern	BABY BOYSShoesClothingAccessories	33	2
158	NEED ADDITIONAL HELP?	0	Not Dark Pattern	NEED ADDITIONAL HELP?	21	3
1423	These cookies are necessary for the website to function and cannot be switched off in our system. These cookies are usually only set in response to actions made by you which include a request for services, such as setting your privacy preferences or logging into your account.	0	Not Dark Pattern	These cookies are necessary for the website to function and cannot be switched off in our system. These cookies are usually only set in response to actions made by you which include a request for services, such as setting your privacy preferences or logging into your account.	276	47
1231	Only 3 Left!	1	Scarcity	Only 3 Left!	12	3
527	High-Waisted Shorts	0	Not Dark Pattern	High-Waisted Shorts	19	2
1405	 Sign In / Join 	0	Not Dark Pattern	Sign In / Join	14	4
1663	We only have few stocks left for this product. Please don't miss the chance.	1	Scarcity	We only have few stocks left for this product. Please don't miss the chance.	76	14
765	Click here to use our website with more accessibility support, for example screen readers	0	Not Dark Pattern	Click here to use our website with more accessibility support, for example screen readers	89	14
505	Your order is reserved for 09:35 minutes!	1	Urgency	Your order is reserved for 09:35 minutes!	41	7
1041	LIMITED TIME ONLY *on select models	1	Urgency	LIMITED TIME ONLY *on select models	35	6
1446	 Mixed Media 	0	Not Dark Pattern	Mixed Media	11	2
671	BE QUICK 00:57:33 DON'T MISS OUT	1	Urgency	BE QUICK 00:57:33 DON'T MISS OUT	32	6
216	New In 	0	Not Dark Pattern	New In	6	2
1451	Remove selected car filter	0	Not Dark Pattern	Remove selected car filter	26	4
792	35% OFF EVERYTHING* EXCL SALE & BEAUTY ENTER: DOLL35 - HURRY! ENDS IN  16H 59M 06S	1	Urgency	35% OFF EVERYTHING* EXCL SALE & BEAUTY ENTER: DOLL35 - HURRY! ENDS IN 16H 59M 06S	81	16
1609	Shipping and Duties	0	Not Dark Pattern	Shipping and Duties	19	3
1139	Order by these dates to get it by Valentine's Day.*	0	Not Dark Pattern	Order by these dates to get it by Valentine's Day.*	51	10
767	NFL Enterprises LLC. All Rights Reserved.	0	Not Dark Pattern	NFL Enterprises LLC. All Rights Reserved.	41	6
1787	LOGIN/REGISTER	1	Misdirection	LOGIN/REGISTER	14	1
561	00Days17Hours12Mins13Secs	1	Urgency	00Days17Hours12Mins13Secs	25	1
1315	 Women's Bags 	0	Not Dark Pattern	Women's Bags	12	2
1403	We're sorry, this store is closed.	0	Not Dark Pattern	We're sorry, this store is closed.	34	6
145	3 people are looking at this item right now	1	Social Proof	3 people are looking at this item right now	43	9
17	Someone from Menlo Park, California just purchased Electric Skateboard Motor 6374 190KV.	1	Social Proof	Someone from Menlo Park, California just purchased Electric Skateboard Motor 6374 190KV.	88	12
858	Hurry, Limited Time Offer! 11:25	1	Urgency	Hurry, Limited Time Offer! 11:25	32	5
1328	 Search Close 	0	Not Dark Pattern	Search Close	12	2
1667	touching, funny and romantic	0	Not Dark Pattern	touching, funny and romantic	28	4
1789	We'd like to keep you informed via email about product updates, upgrades, special offers and pricing. If you do not wish to be contacted via email, please ensure that the box is not checked.	1	Misdirection	We'd like to keep you informed via email about product updates, upgrades, special offers and pricing. If you do not wish to be contacted via email, please ensure that the box is not checked.	190	34
1234	Only 2 stock available	1	Scarcity	Only 2 stock available	22	4
1229	Hurry! Only 3 Left In Stock.	1	Scarcity	Hurry! Only 3 Left In Stock.	28	6
926	◊After 1 year, subscription auto renews with fee. Review your iFit® Coach account on a computer, tablet, smartphone, or equipment console.	1	Sneaking	◊After 1 year, subscription auto renews with fee. Review your iFit® Coach account on a computer, tablet, smartphone, or equipment console.	138	21
189	 Sorry, we could not process your request at the moment. Please try again in a few minutes. 	0	Not Dark Pattern	Sorry, we could not process your request at the moment. Please try again in a few minutes.	90	17
1446	 Jersey GBP	0	Not Dark Pattern	Jersey GBP	10	2
740	My Account 	0	Not Dark Pattern	My Account	10	2
404	No Thanks, I Don't Want a Discount	1	Misdirection	No Thanks, I Don't Want a Discount	34	7
1466	Hair Grooming Appliances	0	Not Dark Pattern	Hair Grooming Appliances	24	3
925	WOULD YOU LIKE A FREE NEXT DIRECTORY? Explore all the latest collections from your free Next Directory. By opting in to receive the Next Directory you agree that we may send you, at our discretion, further Directories usually in January and July each year, at a charge of £3.75 per publication. You also agree to receive supplementary Directories and ‘New In’ publications at no additional charge.	1	Sneaking	WOULD YOU LIKE A FREE NEXT DIRECTORY? Explore all the latest collections from your free Next Directory. By opting in to receive the Next Directory you agree that we may send you, at our discretion, further Directories usually in January and July each year, at a charge of £3.75 per publication. You also agree to receive supplementary Directories and ‘New In’ publications at no additional charge.	397	66
1009	Pedal Refresh Kit - Doubleshot	0	Not Dark Pattern	Pedal Refresh Kit - Doubleshot	30	5
401	I'd rather pay full price	1	Misdirection	I'd rather pay full price	25	5
597	Hurry up! Sales Ends in DAYS HRS MINS SECS by Beeketing 	1	Urgency	Hurry up! Sales Ends in DAYS HRS MINS SECS by Beeketing	55	11
1163	Only 8 items left in stock!	1	Scarcity	Only 8 items left in stock!	27	6
1125	ONLY 1 LEFT IN STOCK!	1	Scarcity	ONLY 1 LEFT IN STOCK!	21	5
1743	Subscribe & Save (15%): $ 16.99	1	Misdirection	Subscribe & Save (15%): $ 16.99	31	6
1536	Shop Plus Shorts by Pattern	0	Not Dark Pattern	Shop Plus Shorts by Pattern	27	5
1044	 Dry Direct Incontinence Personal Care Daily Living Safety Bedroom Nutrition Mobility Lift Aids Medical Supplies Plus Size 	0	Not Dark Pattern	Dry Direct Incontinence Personal Care Daily Living Safety Bedroom Nutrition Mobility Lift Aids Medical Supplies Plus Size	121	17
638	Clarity Remotes	0	Not Dark Pattern	Clarity Remotes	15	2
1648	Summary	0	Not Dark Pattern	Summary	7	1
1405	 Limited Edition Colors 	0	Not Dark Pattern	Limited Edition Colors	22	3
1736	For instance, we use cookies allowing us to remember information provided by the users from a page to another, choices made by users and information provided by users (name, language preference, country of residence…). In particular, we use the following functional cookies: 	0	Not Dark Pattern	For instance, we use cookies allowing us to remember information provided by the users from a page to another, choices made by users and information provided by users (name, language preference, country of residence…). In particular, we use the following functional cookies:	274	42
1035	FRAMON #2 Code Machine Offer - Limited time offer!	1	Urgency	FRAMON #2 Code Machine Offer - Limited time offer!	50	9
1536	Jewelry and Watches	0	Not Dark Pattern	Jewelry and Watches	19	3
1109	Limited stock!	1	Scarcity	Limited stock!	14	2
1433	Hurry! Only 2 left in stock!	1	Scarcity	Hurry! Only 2 left in stock!	28	6
1451	*	0	Not Dark Pattern	*	1	1
1015	SLEEP EVENT OFFERS - LIMITED TIME ONLY	1	Urgency	SLEEP EVENT OFFERS - LIMITED TIME ONLY	38	7
1604	This chart should be used as a guide only. Due to each manufacturer’s size scale inconsistencies may occur.	0	Not Dark Pattern	This chart should be used as a guide only. Due to each manufacturer’s size scale inconsistencies may occur.	107	18
1626	Only 1 left in Stock!	1	Scarcity	Only 1 left in Stock!	21	5
198	Competitions	0	Not Dark Pattern	Competitions	12	1
1328	 Shop All Men's Boots 	0	Not Dark Pattern	Shop All Men's Boots	20	4
179	Expand My eBay	0	Not Dark Pattern	Expand My eBay	14	3
283	Oliver in Rotterdam, Netherlands purchased a England Away Soccer Shorts 2018 About 9 hours ago	1	Social Proof	Oliver in Rotterdam, Netherlands purchased a England Away Soccer Shorts 2018 About 9 hours ago	94	15
822	Jumpers, Shirts & T-Shirts	0	Not Dark Pattern	Jumpers, Shirts & T-Shirts	26	4
395	Media Players	0	Not Dark Pattern	Media Players	13	2
1295	Only 3 left In Stock	1	Scarcity	Only 3 left In Stock	20	5
920	Father's Day Gifts	0	Not Dark Pattern	Father's Day Gifts	18	3
931	Enjoy FREE shipping with WSJwine Advantage	1	Sneaking	Enjoy FREE shipping with WSJwine Advantage	42	6
1390	only 2 left!	1	Scarcity	only 2 left!	12	3
1372	Only 1 in stock	1	Scarcity	Only 1 in stock	15	4
1377	Only 8 item(s) left.	1	Scarcity	Only 8 item(s) left.	20	4
616	Spring Sale Extended	1	Urgency	Spring Sale Extended	20	3
347	No, I don't want a discount	1	Misdirection	No, I don't want a discount	27	6
421	No thanks, I don't want the free gift.	1	Misdirection	No thanks, I don't want the free gift.	38	8
1044	Extra Soft Cleansing Wipes	0	Not Dark Pattern	Extra Soft Cleansing Wipes	26	4
1373	Men's Accessories 	0	Not Dark Pattern	Men's Accessories	17	2
280	jennifer just bought Rainbow Moonstone Healing Heartabout 6 hours ago	1	Social Proof	jennifer just bought Rainbow Moonstone Healing Heartabout 6 hours ago	69	10
1051	SAVE $300.00\nfor limited time	1	Urgency	SAVE $300.00\nfor limited time	30	4
787	Enter Catalog/Email Code	0	Not Dark Pattern	Enter Catalog/Email Code	24	3
466	[NO THANKS, I'LL JUST WALK]	1	Misdirection	[NO THANKS, I'LL JUST WALK]	27	5
638	Yaris Remotes	0	Not Dark Pattern	Yaris Remotes	13	2
1513	Currently 8 left in stock.	1	Scarcity	Currently 8 left in stock.	26	5
340	NO, I DON'T FEEL LUCKY	1	Misdirection	NO, I DON'T FEEL LUCKY	22	5
1457	Currently less than 10 available	1	Scarcity	Currently less than 10 available	32	5
998	Ends Sunday! $200 off any mattress . free shipping & free returns!	1	Urgency	Ends Sunday! $200 off any mattress . free shipping & free returns!	66	12
247	Stay on Next.co.uk	0	Not Dark Pattern	Stay on Next.co.uk	18	3
1206	Only 8 left!	1	Scarcity	Only 8 left!	12	3
1213	Only 1 items left in stock!	1	Scarcity	Only 1 items left in stock!	27	6
1469	___	0	Not Dark Pattern	___	3	1
1381	View All Home Accessories	0	Not Dark Pattern	View All Home Accessories	25	4
568	Healing Crystals are natural beings just like the trees, mountain or flowers. The result of diverse chemical reactions inside the earth over a millennium, gemstones are a true wonder of nature. When you touch a healing crystal, there is a transfer of heat and energy that leads to activation of chakra points. These therapeutic powers noticed in the presence of gemstones are the reason they are called healing crystals. With some crystals as old as the earth, there is immense wisdom in crystal use.	0	Not Dark Pattern	Healing Crystals are natural beings just like the trees, mountain or flowers. The result of diverse chemical reactions inside the earth over a millennium, gemstones are a true wonder of nature. When you touch a healing crystal, there is a transfer of heat and energy that leads to activation of chakra points. These therapeutic powers noticed in the presence of gemstones are the reason they are called healing crystals. With some crystals as old as the earth, there is immense wisdom in crystal use.	500	84
1446	How to cast on	0	Not Dark Pattern	How to cast on	14	4
1550	Tree Frog Terrariums	0	Not Dark Pattern	Tree Frog Terrariums	20	3
174	9 people are currently viewing this product	1	Social Proof	9 people are currently viewing this product	43	7
1623	ONLY 1 WATCH LEFT	1	Scarcity	ONLY 1 WATCH LEFT	17	4
293	2+ people just viewed this product	1	Social Proof	2+ people just viewed this product	34	6
1583	94% offers claimed. Hurry up!	1	Scarcity	94% offers claimed. Hurry up!	29	5
435	I'D RATHER PAY FULL PRICE	1	Misdirection	I'D RATHER PAY FULL PRICE	25	5
747	KidsAuthentic	0	Not Dark Pattern	KidsAuthentic	13	1
1706	*** Get 50% Off Your 2nd Case OR a Canopy Screen Protector *** A 50% OFF discount will be automatically applied to the lowest priced item in your cart when you check out with more than one item! (excludes Clearance items) Click to Choose Another Item	1	Misdirection	*** Get 50% Off Your 2nd Case OR a Canopy Screen Protector *** A 50% OFF discount will be automatically applied to the lowest priced item in your cart when you check out with more than one item! (excludes Clearance items) Click to Choose Another Item	250	46
850	Country (Optional)	0	Not Dark Pattern	Country (Optional)	18	2
230	Hair treatments	0	Not Dark Pattern	Hair treatments	15	2
1736	Product Recycling	0	Not Dark Pattern	Product Recycling	17	2
1772	Purchase protection added	1	Sneaking	Purchase protection added	25	3
1432	Only 6 items left	1	Scarcity	Only 6 items left	17	4
313	39 people have this in their cart	1	Social Proof	39 people have this in their cart	33	7
113	 Sunflower 	0	Not Dark Pattern	Sunflower	9	1
1177	23% left in stock!	1	Scarcity	23% left in stock!	18	4
1573	Gold Collection	0	Not Dark Pattern	Gold Collection	15	2
1592	In Stock. Only 1 Left!	1	Scarcity	In Stock. Only 1 Left!	22	5
1146	Status:Only 3 left in stock	1	Scarcity	Status:Only 3 left in stock	27	5
396	No thanks - I don't want to save money	1	Misdirection	No thanks - I don't want to save money	38	9
1723	Amazing service and quality! Lee up the excellent work.	0	Not Dark Pattern	Amazing service and quality! Lee up the excellent work.	55	9
513	Today's sale ends in: 00hours:57min:19sec	1	Urgency	Today's sale ends in: 00hours:57min:19sec	41	5
1128	ONLY 7 LEFT!	1	Scarcity	ONLY 7 LEFT!	12	3
1333	Business, Office & Industrial	0	Not Dark Pattern	Business, Office & Industrial	29	4
1330	My Story	0	Not Dark Pattern	My Story	8	2
134	8 people are looking at this artwork	1	Social Proof	8 people are looking at this artwork	36	7
1351	 Coffee 	0	Not Dark Pattern	Coffee	6	1
1723	Add on something to make it extra special!	1	Misdirection	Add on something to make it extra special!	42	8
1056	 Take time to pay.	0	Not Dark Pattern	Take time to pay.	17	4
808	OFFER ENDS 00:54:59	1	Urgency	OFFER ENDS 00:54:59	19	3
1734	Other Items On Special Offer:	1	Misdirection	Other Items On Special Offer:	29	5
882	You may change the items in your order, or cancel the Smartship at anytime, up until 3 days prior to the scheduled ship date of your Smartship by calling Customer Service at 1-800-518-0284.	1	Obstruction	You may change the items in your order, or cancel the Smartship at anytime, up until 3 days prior to the scheduled ship date of your Smartship by calling Customer Service at 1-800-518-0284.	189	33
993	LIMITED TIME SALE	1	Urgency	LIMITED TIME SALE	17	3
428	NO THANKS, I DON'T WANT TO SAVE	1	Misdirection	NO THANKS, I DON'T WANT TO SAVE	31	7
414	Authenticity Guaranteed	0	Not Dark Pattern	Authenticity Guaranteed	23	2
117	 GeekVape Pursue a Healthy Vaping Experience 	0	Not Dark Pattern	GeekVape Pursue a Healthy Vaping Experience	43	6
1679	320 items left	1	Scarcity	320 items left	14	3
1340	HURRY! 3 left in stock!	1	Scarcity	HURRY! 3 left in stock!	23	5
158	Nectar	0	Not Dark Pattern	Nectar	6	1
1451	 My Project Lists 	0	Not Dark Pattern	My Project Lists	16	3
300	Adjustable Cuffs With Inner Knitted Cuff	0	Not Dark Pattern	Adjustable Cuffs With Inner Knitted Cuff	40	6
638	Tribeca Remotes	0	Not Dark Pattern	Tribeca Remotes	15	2
1158	Brand 	0	Not Dark Pattern	Brand	5	1
879	I would like to join Backstage Pass & agree to the Terms & Conditions & to receive emails & other promotional offers.	1	Forced Action	I would like to join Backstage Pass & agree to the Terms & Conditions & to receive emails & other promotional offers.	117	22
1044	The Dry Direct Ultimate is a great product, the best we have found. Customer service is very efficient, and deliveries have always been on time. We are very satisfied with Parentgiving in all aspects.	0	Not Dark Pattern	The Dry Direct Ultimate is a great product, the best we have found. Customer service is very efficient, and deliveries have always been on time. We are very satisfied with Parentgiving in all aspects.	200	34
1649	(ONLY 1 LEFT IN THIS SIZE!)	1	Scarcity	(ONLY 1 LEFT IN THIS SIZE!)	27	6
1627	Only 65 Items Left.	1	Scarcity	Only 65 Items Left.	19	4
1270	Only 3 left in stock.	1	Scarcity	Only 3 left in stock.	21	5
459	I Don't Like to Save Money	1	Misdirection	I Don't Like to Save Money	26	6
1350	In Stock, Only 1 Left!	1	Scarcity	In Stock, Only 1 Left!	22	5
113	Really good quality contacts and they work well on my eyes. Would definitely order again!!!!	0	Not Dark Pattern	Really good quality contacts and they work well on my eyes. Would definitely order again!!!!	92	15
596	Explosive Offers! 80% Off Everything 07:25:41	1	Urgency	Explosive Offers! 80% Off Everything 07:25:41	45	6
822	Warne Mounts	0	Not Dark Pattern	Warne Mounts	12	2
1736	Report a Fake Product	0	Not Dark Pattern	Report a Fake Product	21	4
1026	 Shop All NFL 	0	Not Dark Pattern	Shop All NFL	12	3
1446	Tapestry Guide	0	Not Dark Pattern	Tapestry Guide	14	2
1300	Only 4 left	1	Scarcity	Only 4 left	11	3
790	I absolutely loved it! It made everyone laugh and my desk gets an obscene amount of compliments for it. The quality is superb! I am now definitely going to be a loyal shopper at PosterGully	0	Not Dark Pattern	I absolutely loved it! It made everyone laugh and my desk gets an obscene amount of compliments for it. The quality is superb! I am now definitely going to be a loyal shopper at PosterGully	189	35
1459	Decades Shop	0	Not Dark Pattern	Decades Shop	12	2
369	I'LL PAY FULL PRICE	1	Misdirection	I'LL PAY FULL PRICE	19	4
1241	gifts for wife	0	Not Dark Pattern	gifts for wife	14	3
1246	Hurry only 1 left!	1	Scarcity	Hurry only 1 left!	18	4
1345	Only 8 item(s) left	1	Scarcity	Only 8 item(s) left	19	4
382	No thanks, I’d rather not win.	1	Misdirection	No thanks, I’d rather not win.	30	6
1387	LOW IN STOCK, only 2 left	1	Scarcity	LOW IN STOCK, only 2 left	25	6
1192	74% offers claimed. Hurry up!	1	Scarcity	74% offers claimed. Hurry up!	29	5
1536	Color Block	0	Not Dark Pattern	Color Block	11	2
357	I'd rather not save	1	Misdirection	I'd rather not save	19	4
1446	Only 2 left in stock!	1	Scarcity	Only 2 left in stock!	21	5
1351	You have no items in your basket.	0	Not Dark Pattern	You have no items in your basket.	33	7
362	no thanks, I hate fun & games	1	Misdirection	no thanks, I hate fun & games	29	7
529	00 Days 02 Hrs 26 Mins 12 Sec Sale Ends Once The Timer Hits Zero!	1	Urgency	00 Days 02 Hrs 26 Mins 12 Sec Sale Ends Once The Timer Hits Zero!	65	15
811	Soft Flexible (Classic) 	0	Not Dark Pattern	Soft Flexible (Classic)	23	3
306	Glasses and Goggles	0	Not Dark Pattern	Glasses and Goggles	19	3
1044	 Zero Gravity Lift Chairs 	0	Not Dark Pattern	Zero Gravity Lift Chairs	24	4
80	Bobby in Decatur, United States just purchased	1	Social Proof	Bobby in Decatur, United States just purchased	46	7
112	tuvia eisenberg Systematics in Tel Aviv, Israel purchased a	1	Social Proof	tuvia eisenberg Systematics in Tel Aviv, Israel purchased a	59	9
683	Your Cart Will Expire In 09:58 minutes!Please note that these items may not be available again if you release them.	1	Urgency	Your Cart Will Expire In 09:58 minutes!Please note that these items may not be available again if you release them.	115	20
1446	All Cross Stitch Patterns	0	Not Dark Pattern	All Cross Stitch Patterns	25	4
1330	 Year of Ours 	0	Not Dark Pattern	Year of Ours	12	3
1658	Gear Up	0	Not Dark Pattern	Gear Up	7	2
883	Weight Management Shakes help cut cals, control appetite, and drop LBS.* Learn more about Weight Management Shakes.	0	Not Dark Pattern	Weight Management Shakes help cut cals, control appetite, and drop LBS.* Learn more about Weight Management Shakes.	115	17
1330	Tretorn	0	Not Dark Pattern	Tretorn	7	1
907	 Loyalty Points 	0	Not Dark Pattern	Loyalty Points	14	2
919	 How to Recycle 	0	Not Dark Pattern	How to Recycle	14	3
353	 Color Yellow Smoke Blue Pink Orange	0	Not Dark Pattern	Color Yellow Smoke Blue Pink Orange	35	6
849	SAVE 10% On All Orders. No Voucher Code Needed Expires in 18:07:59.	1	Urgency	SAVE 10% On All Orders. No Voucher Code Needed Expires in 18:07:59.	67	12
1469	Art & Crafting Tools	0	Not Dark Pattern	Art & Crafting Tools	20	4
291	One customer bought this article in the last 53 min.	1	Social Proof	One customer bought this article in the last 53 min.	52	10
4	 Highlight Hover 	0	Not Dark Pattern	Highlight Hover	15	2
1044	 Disposable Washcloths 	0	Not Dark Pattern	Disposable Washcloths	21	2
1051	Accuscreens	0	Not Dark Pattern	Accuscreens	11	1
1197	 Jumpers + Sweaters 	0	Not Dark Pattern	Jumpers + Sweaters	18	3
113	 Contact Lens Washer 	0	Not Dark Pattern	Contact Lens Washer	19	3
1173	Only 9 Left!	1	Scarcity	Only 9 Left!	12	3
1327	Hurry! Only 2 left!	1	Scarcity	Hurry! Only 2 left!	19	4
18	2 people are looking at this listing now	1	Social Proof	2 people are looking at this listing now	40	8
1488	Every Purchase Helps Your NRA:	0	Not Dark Pattern	Every Purchase Helps Your NRA:	30	5
1175	1 left at this price	1	Scarcity	1 left at this price	20	5
1051	 BACK TO TOP 	0	Not Dark Pattern	BACK TO TOP	11	3
1421	ONLY 12.5M LEFT IN STOCK!	1	Scarcity	ONLY 12.5M LEFT IN STOCK!	25	5
1732	Protect Your Gear	1	Misdirection	Protect Your Gear	17	3
1013	 Outdoor Recreation 	0	Not Dark Pattern	Outdoor Recreation	18	2
230	Allow All	0	Not Dark Pattern	Allow All	9	2
108	We are currently accepting and processing orders from following:	0	Not Dark Pattern	We are currently accepting and processing orders from following:	64	9
1013	What could have caused this?	0	Not Dark Pattern	What could have caused this?	28	5
191	210+ bought	1	Social Proof	210+ bought	11	2
457	No thanks, I'm not interested in saving money.	1	Misdirection	No thanks, I'm not interested in saving money.	46	8
1367	 SHIPPING INFO 	0	Not Dark Pattern	SHIPPING INFO	13	2
230	Plus, get free shipping on your first order!	0	Not Dark Pattern	Plus, get free shipping on your first order!	44	8
638	BMW Remotes	0	Not Dark Pattern	BMW Remotes	11	2
1759	All You™	0	Not Dark Pattern	All You™	8	2
292	Someone in Mount Louisa bought a Coleman Folding Table & Bench Set 2 minutes ago	1	Social Proof	Someone in Mount Louisa bought a Coleman Folding Table & Bench Set 2 minutes ago	80	15
622	 Summer Casual Printed Short Sleeve T-Shirt 	0	Not Dark Pattern	Summer Casual Printed Short Sleeve T-Shirt	42	6
1488	 Join NRA or Renew	0	Not Dark Pattern	Join NRA or Renew	17	4
1708	Don't forget the essentials Get up to 2 years of accidental damage coverage with AppleCare+.	1	Misdirection	Don't forget the essentials Get up to 2 years of accidental damage coverage with AppleCare+.	92	15
103	Know exactly what’s going on at home and be alerted of emergencies in real time. 	0	Not Dark Pattern	Know exactly what’s going on at home and be alerted of emergencies in real time.	80	15
638	Become an Affiliate	0	Not Dark Pattern	Become an Affiliate	19	3
1810	Competitor Price: $172.00	1	Misdirection	Competitor Price: $172.00	25	3
438	No thanks, I'd rather pay more	1	Misdirection	No thanks, I'd rather pay more	30	6
1151	6 items left! Order soon.	1	Scarcity	6 items left! Order soon.	25	5
811	Sports 	0	Not Dark Pattern	Sports	6	1
1582	ONLY 20 LEFT IN STOCK	1	Scarcity	ONLY 20 LEFT IN STOCK	21	5
414	Immunity & Well BeingLean Muscle MassWeight LossBulk GainStress & Relaxation	0	Not Dark Pattern	Immunity & Well BeingLean Muscle MassWeight LossBulk GainStress & Relaxation	76	10
1604	By Brand All Men's Brands 	0	Not Dark Pattern	By Brand All Men's Brands	25	5
1673	Customer Feedback	0	Not Dark Pattern	Customer Feedback	17	2
1013	 Read the FAQ 	0	Not Dark Pattern	Read the FAQ	12	3
1232	ONLY 1 LEFT	1	Scarcity	ONLY 1 LEFT	11	3
364	No thanks, I don't want 15% off	1	Misdirection	No thanks, I don't want 15% off	31	7
680	The presence of flowers is enough to make any occasion or moment truly a memorable affair. Flowers can make an ordinary room extremely beautiful. Flowers are widely used in decorations, as gifts, or even as ornaments on various dresses. People can explore a variety of fresh vibrant flowers such as roses, tulips, orchids, carnations, sunflowers, chrysanthemums and a lot more through the help of our online gifting store. All these beautiful flowers will be delivered at your desired destination in blooming condition only. With an unmatched beauty and fragrance, these gorgeous and lovely flowers can easily mesmerise any individual in an effortless manner.	0	Not Dark Pattern	The presence of flowers is enough to make any occasion or moment truly a memorable affair. Flowers can make an ordinary room extremely beautiful. Flowers are widely used in decorations, as gifts, or even as ornaments on various dresses. People can explore a variety of fresh vibrant flowers such as roses, tulips, orchids, carnations, sunflowers, chrysanthemums and a lot more through the help of our online gifting store. All these beautiful flowers will be delivered at your desired destination in blooming condition only. With an unmatched beauty and fragrance, these gorgeous and lovely flowers can easily mesmerise any individual in an effortless manner.	659	103
307	Ashley in Auburn, United States purchased a Check Plz iPhone X/Xs Case about 24 minutes ago	1	Social Proof	Ashley in Auburn, United States purchased a Check Plz iPhone X/Xs Case about 24 minutes ago	91	16
193	99 people are looking at this right now	1	Social Proof	99 people are looking at this right now	39	8
237	Someone from South Gate, California just purchased the Admiral JR / Spektrum Servo Connector Plug Set (Male and Female - 2 Pairs)	1	Social Proof	Someone from South Gate, California just purchased the Admiral JR / Spektrum Servo Connector Plug Set (Male and Female - 2 Pairs)	129	22
398	Medium GreyLogan T-Shirt Jersey Comforter and Sham Set	0	Not Dark Pattern	Medium GreyLogan T-Shirt Jersey Comforter and Sham Set	54	8
680	 All Birthday Gifts 	0	Not Dark Pattern	All Birthday Gifts	18	3
1609	Rainbow Li	0	Not Dark Pattern	Rainbow Li	10	2
1466	• Recommended to be used with Downy for better long lasting freshness 	0	Not Dark Pattern	• Recommended to be used with Downy for better long lasting freshness	69	12
1575	cookie host	0	Not Dark Pattern	cookie host	11	2
1487	Only 4 left!	1	Scarcity	Only 4 left!	12	3
1461	Almost Sold Out! Only 2 Left.	1	Scarcity	Almost Sold Out! Only 2 Left.	29	6
287	Pay With:	0	Not Dark Pattern	Pay With:	9	2
623	Days left until the offer ends: 00 Days 04:43:35	1	Urgency	Days left until the offer ends: 00 Days 04:43:35	48	9
1158	 Data Processor Privacy Policy: https://videoly.co/privacy-policy 	0	Not Dark Pattern	Data Processor Privacy Policy: https://videoly.co/privacy-policy	64	5
1604	 School Shoes	0	Not Dark Pattern	School Shoes	12	2
622	 V-neck Casual Loose Embroidered Short Sleeve Blouse 	0	Not Dark Pattern	V-neck Casual Loose Embroidered Short Sleeve Blouse	51	7
1799	Spin to unlock your mystery offer	1	Misdirection	Spin to unlock your mystery offer	33	6
1423	Only 2 items left in stock.	1	Scarcity	Only 2 items left in stock.	27	6
135	104 people viewed this product recently!	1	Social Proof	104 people viewed this product recently!	40	6
306	Material: Made with Cordura fabric	0	Not Dark Pattern	Material: Made with Cordura fabric	34	5
270	Armin Dinovic bought 10M Runescape 3 Gold Order total: 3,70€ About 10 seconds ago	1	Social Proof	Armin Dinovic bought 10M Runescape 3 Gold Order total: 3,70€ About 10 seconds ago	81	14
209	Recent searches	0	Not Dark Pattern	Recent searches	15	2
1730	Gorgeous, lasting high-quality hair color—crafted in Italy.	0	Not Dark Pattern	Gorgeous, lasting high-quality hair color—crafted in Italy.	59	7
1407	Only A Few Left	1	Scarcity	Only A Few Left	15	4
569	 Apple iPhone X » 	0	Not Dark Pattern	Apple iPhone X »	16	4
16	Rebecca in Buffalo just bought Sateen Twill Swatchabout 1 hour ago	1	Social Proof	Rebecca in Buffalo just bought Sateen Twill Swatchabout 1 hour ago	66	11
1428	Certified Face Masks	0	Not Dark Pattern	Certified Face Masks	20	3
1736	 Price Low To High 	0	Not Dark Pattern	Price Low To High	17	4
1456	1 in stock	1	Scarcity	1 in stock	10	3
40	Leah Rich in Louisville, United States purchased a	1	Social Proof	Leah Rich in Louisville, United States purchased a	50	8
1536	Home + Tech Almost Gone	0	Not Dark Pattern	Home + Tech Almost Gone	23	5
1066	SAVE TODAY: Save 20% on lighting by Le Klint. Limited time only.	1	Urgency	SAVE TODAY: Save 20% on lighting by Le Klint. Limited time only.	64	12
1578	Only 3 Left! Get it before it`s gone!	1	Scarcity	Only 3 Left! Get it before it`s gone!	37	8
473	No thanks, I'll be the last to know.	1	Misdirection	No thanks, I'll be the last to know.	36	8
1694	Hurry Up ! Just 2 Items Left in stock	1	Scarcity	Hurry Up ! Just 2 Items Left in stock	37	9
1653	Toe Ring	0	Not Dark Pattern	Toe Ring	8	2
1009	Women's Acid Wash Scoopneck Sweater	0	Not Dark Pattern	Women's Acid Wash Scoopneck Sweater	35	5
248	62 people have looked at this item in the last few hours.	1	Social Proof	62 people have looked at this item in the last few hours.	57	12
1536	Boys Grey School Uniforms	0	Not Dark Pattern	Boys Grey School Uniforms	25	4
124	8 customers have bought today	1	Social Proof	8 customers have bought today	29	5
287	My Reviews	0	Not Dark Pattern	My Reviews	10	2
1259	Last 1 in stock	1	Scarcity	Last 1 in stock	15	4
1293	Skin Concerns	0	Not Dark Pattern	Skin Concerns	13	2
1087	Only 1 left!	1	Scarcity	Only 1 left!	12	3
1383	Only a few left	1	Scarcity	Only a few left	15	4
527	Romper Swimwear	0	Not Dark Pattern	Romper Swimwear	15	2
1468	 View All Mattress Accessories 	0	Not Dark Pattern	View All Mattress Accessories	29	4
1139	The page you were looking for doesn't exist.	0	Not Dark Pattern	The page you were looking for doesn't exist.	44	8
724	A very fun outfit for a less formal event like a sangeet! Husband said the bell bottom type pants were fun to dance in :)	0	Not Dark Pattern	A very fun outfit for a less formal event like a sangeet! Husband said the bell bottom type pants were fun to dance in :)	121	25
1013	 Chair Accessories 	0	Not Dark Pattern	Chair Accessories	17	2
458	No Thanks, I'll let this offer sail away	1	Misdirection	No Thanks, I'll let this offer sail away	40	8
991	Stay in the Know	0	Not Dark Pattern	Stay in the Know	16	4
622	 V-neck Casual Loose Vintage Print Short Sleeve T-shirt 	0	Not Dark Pattern	V-neck Casual Loose Vintage Print Short Sleeve T-shirt	54	8
1664	Limited stock available	1	Scarcity	Limited stock available	23	3
108	Thank you for posting a question!	0	Not Dark Pattern	Thank you for posting a question!	33	6
628	Installation InstructionsPolicies & Terms of UseFinancingSite Map	0	Not Dark Pattern	Installation InstructionsPolicies & Terms of UseFinancingSite Map	65	7
350	Golf Shop	0	Not Dark Pattern	Golf Shop	9	2
680	 Plastic 	0	Not Dark Pattern	Plastic	7	1
1009	Synthesis XCT Alloy Front Wheel	0	Not Dark Pattern	Synthesis XCT Alloy Front Wheel	31	5
917	Hugs and Kisses Rose Bouquet $44.99 Discount -$6.75 Delivery $13.99 Tax $3.46 Item Total $55.69	1	Sneaking	Hugs and Kisses Rose Bouquet $44.99 Discount -$6.75 Delivery $13.99 Tax $3.46 Item Total $55.69	95	15
1536	Shop Tops by Pattern	0	Not Dark Pattern	Shop Tops by Pattern	20	4
1536	Striped Tops	0	Not Dark Pattern	Striped Tops	12	2
247	My AccountSign-in to your account	0	Not Dark Pattern	My AccountSign-in to your account	33	5
498	Due To HIGH Demand, Cart Expires In: 08:41	1	Urgency	Due To HIGH Demand, Cart Expires In: 08:41	42	8
1195	ONLY 3 LEFT! GET IT NOW!	1	Scarcity	ONLY 3 LEFT! GET IT NOW!	24	6
136	5 people are looking at this product right now	1	Social Proof	5 people are looking at this product right now	46	9
833	 Get The Look The Full Story Shop Now Read More 	0	Not Dark Pattern	Get The Look The Full Story Shop Now Read More	46	10
4	Don’t worry. We’ve got your back.	0	Not Dark Pattern	Don’t worry. We’ve got your back.	33	6
543	Hurry up! Discount Ends in DAYS HRS MINS SECS	1	Urgency	Hurry up! Discount Ends in DAYS HRS MINS SECS	45	9
947	Extremely high demand: expect 2-4 weeks for it to arrive (to be safe). Limit 4 per person!	1	Scarcity	Extremely high demand: expect 2-4 weeks for it to arrive (to be safe). Limit 4 per person!	90	17
1373	 C.P. Company 	0	Not Dark Pattern	C.P. Company	12	2
75	In other users' carts 59	1	Social Proof	In other users' carts 59	24	5
1330	Nicholas Kirkwood	0	Not Dark Pattern	Nicholas Kirkwood	17	2
1759	Aids mental processing†	0	Not Dark Pattern	Aids mental processing†	23	3
218	Awhi from Hicks Bay, Gisborne, New Zealand just bought	1	Social Proof	Awhi from Hicks Bay, Gisborne, New Zealand just bought	54	9
1434	 Crossbody & Belt Bags 	0	Not Dark Pattern	Crossbody & Belt Bags	21	4
776	clear text 	0	Not Dark Pattern	clear text	10	2
143	24 people currently interested	1	Social Proof	24 people currently interested	30	4
179	 Worldwide 	0	Not Dark Pattern	Worldwide	9	1
894	IF YOU PARTICIPATE IN AN AUTOMATIC RENEWAL SUBSCRIPTION AND YOU HAVE PROVIDED US WITH A VALID CREDIT CARD NUMBER OR AN ALTERNATE PAYMENT METHOD, EACH SHIPMENT WILL BE AUTOMATICALLY PROCESSED AT THE TIME OF EACH SHIPMENT OR INSTALLMENT AND WILL BE BILLED TO THE PAYMENT METHOD YOU PROVIDED TO US AT THE TIME OF YOUR INITIAL PURCHASE AND AGREEMENT TO PARTICIPATE IN THE PROGRAM. IF YOU WISH TO CANCEL YOUR PARTICIPATION IN AN AUTOMATIC RENEWAL SUBSCRIPTION, YOU MAY DO SO AT ANY TIME BY CONTACTING A CUSTOMER CARE PROFESSIONAL AT THE CONTACT INFORMATION PROVIDED ON THE WEBSITE.	1	Obstruction	IF YOU PARTICIPATE IN AN AUTOMATIC RENEWAL SUBSCRIPTION AND YOU HAVE PROVIDED US WITH A VALID CREDIT CARD NUMBER OR AN ALTERNATE PAYMENT METHOD, EACH SHIPMENT WILL BE AUTOMATICALLY PROCESSED AT THE TIME OF EACH SHIPMENT OR INSTALLMENT AND WILL BE BILLED TO THE PAYMENT METHOD YOU PROVIDED TO US AT THE TIME OF YOUR INITIAL PURCHASE AND AGREEMENT TO PARTICIPATE IN THE PROGRAM. IF YOU WISH TO CANCEL YOUR PARTICIPATION IN AN AUTOMATIC RENEWAL SUBSCRIPTION, YOU MAY DO SO AT ANY TIME BY CONTACTING A CUSTOMER CARE PROFESSIONAL AT THE CONTACT INFORMATION PROVIDED ON THE WEBSITE.	576	97
272	AboutOur StoryOur MissionOur ProductsIn the News	0	Not Dark Pattern	AboutOur StoryOur MissionOur ProductsIn the News	48	6
76	5 Viewing This Product	1	Social Proof	5 Viewing This Product	22	4
131	23 People viewing this product	1	Social Proof	23 People viewing this product	30	5
533	Activate within 0:30:00	1	Urgency	Activate within 0:30:00	23	3
1469	Concrete Tools	0	Not Dark Pattern	Concrete Tools	14	2
1451	Transmission and Driveline	0	Not Dark Pattern	Transmission and Driveline	26	3
57	James in Cashion, Oklahoma just bought Glossy Black Brick Geode / Amber Gradient Fast Lanes	1	Social Proof	James in Cashion, Oklahoma just bought Glossy Black Brick Geode / Amber Gradient Fast Lanes	91	15
234	Fast Mover: 35 PEOPLE added this to cart today!	1	Social Proof	Fast Mover: 35 PEOPLE added this to cart today!	47	9
1317	Metal - Brass , hollow from inside 	0	Not Dark Pattern	Metal - Brass , hollow from inside	34	7
412	No thank you, I prefer to pay full price	1	Misdirection	No thank you, I prefer to pay full price	40	9
1026	 to read up about	0	Not Dark Pattern	to read up about	16	4
664	• State-by-State Restrictions	0	Not Dark Pattern	• State-by-State Restrictions	29	3
147	DON'T LET 'EM GET AWAY Several people have recently viewed this item.	1	Social Proof	DON'T LET 'EM GET AWAY Several people have recently viewed this item.	69	12
436	No thanks. I prefer paying full price.	1	Misdirection	No thanks. I prefer paying full price.	38	7
10	Crystal Li in Flushing, United States purchased a	1	Social Proof	Crystal Li in Flushing, United States purchased a	49	8
1416	Only 5 Left in Stock. Buy Soon!	1	Scarcity	Only 5 Left in Stock. Buy Soon!	31	7
1044	 PG Picks: Skin Care for Incontinence 	0	Not Dark Pattern	PG Picks: Skin Care for Incontinence	36	6
245	Carl F. from Fort Ann, NY bought a King	1	Social Proof	Carl F. from Fort Ann, NY bought a King	39	9
302	137 users are currently active on our website	1	Social Proof	137 users are currently active on our website	45	8
822	Reloading Tools	0	Not Dark Pattern	Reloading Tools	15	2
139	Edwin in Woodland Park, NJ just bought	1	Social Proof	Edwin in Woodland Park, NJ just bought	38	7
638	Returns / Warranty	0	Not Dark Pattern	Returns / Warranty	18	3
1136	83% offers claimed. Hurry up!	1	Scarcity	83% offers claimed. Hurry up!	29	5
1289	Loading	0	Not Dark Pattern	Loading	7	1
1488	Institute for Legislative Action	0	Not Dark Pattern	Institute for Legislative Action	32	4
1588	Clearance! Only 4 left in stock.	1	Scarcity	Clearance! Only 4 left in stock.	32	6
1333	from Korea, South	0	Not Dark Pattern	from Korea, South	17	3
180	Jeremy in Stockton, United States purchased a	1	Social Proof	Jeremy in Stockton, United States purchased a	45	7
1550	Only 4 Left!	1	Scarcity	Only 4 Left!	12	3
1317	 Alchemy Books 	0	Not Dark Pattern	Alchemy Books	13	2
627	When you visit any website, it may store or retrieve information on your browser, mostly in the form of cookies. This information might be about you, your preferences or your device and is mostly used to make the site work as you expect it to. The information does not usually directly identify you, but it can give you a more personalized web experience. Because we respect your right to privacy, you can choose not to allow some types of cookies. Click on the different category headings to find out more and change our default settings. However, blocking some types of cookies may impact your experience of the site and the services we are able to offer. 	0	Not Dark Pattern	When you visit any website, it may store or retrieve information on your browser, mostly in the form of cookies. This information might be about you, your preferences or your device and is mostly used to make the site work as you expect it to. The information does not usually directly identify you, but it can give you a more personalized web experience. Because we respect your right to privacy, you can choose not to allow some types of cookies. Click on the different category headings to find out more and change our default settings. However, blocking some types of cookies may impact your experience of the site and the services we are able to offer.	657	116
1336	Only 1 products left	1	Scarcity	Only 1 products left	20	4
1248	1 left in stock	1	Scarcity	1 left in stock	15	4
89	🔥 9 people are viewing this.	1	Social Proof	🔥 9 people are viewing this.	28	6
266	715 people have added this item to cart	1	Social Proof	715 people have added this item to cart	39	8
1736	 Black / White Refine by Color: Black / White 	0	Not Dark Pattern	Black / White Refine by Color: Black / White	44	9
1673	Call It Spring	0	Not Dark Pattern	Call It Spring	14	3
1469	Bathroom Basins	0	Not Dark Pattern	Bathroom Basins	15	2
103	Infrared Night Vision	0	Not Dark Pattern	Infrared Night Vision	21	3
680	Download mobile app	0	Not Dark Pattern	Download mobile app	19	3
353	 Write a reviewAsk a question	0	Not Dark Pattern	Write a reviewAsk a question	28	5
497	00DAYS02HRS14MINS1211SEC	1	Urgency	00DAYS02HRS14MINS1211SEC	24	1
133	RegionBracket Right	0	Not Dark Pattern	RegionBracket Right	19	2
638	Boxster Remotes	0	Not Dark Pattern	Boxster Remotes	15	2
122	24 people have purchased this wine today	1	Social Proof	24 people have purchased this wine today	40	7
1667	Rare Book Conditions 	0	Not Dark Pattern	Rare Book Conditions	20	3
1610	Hurry! Less than 10 left!	1	Scarcity	Hurry! Less than 10 left!	25	5
397	I DON'T LIKE FREE GIFTS, NO THANKS	1	Misdirection	I DON'T LIKE FREE GIFTS, NO THANKS	34	7
754	We don't give out your details to third parties.	0	Not Dark Pattern	We don't give out your details to third parties.	48	9
1499	Short Sleeve T-Shirts 	0	Not Dark Pattern	Short Sleeve T-Shirts	21	3
1696	ONLY 13 LEFT	1	Scarcity	ONLY 13 LEFT	12	3
153	Someone in Yanchep bought a 52mm Mechanical 'Performance' Boost Gauge - Blue/White 9 seconds ago	1	Social Proof	Someone in Yanchep bought a 52mm Mechanical 'Performance' Boost Gauge - Blue/White 9 seconds ago	96	15
61	 Tires	0	Not Dark Pattern	Tires	5	1
96	Someone in Egypt bought	1	Social Proof	Someone in Egypt bought	23	4
188	mark in richmond hill, United States purchased a Fugoo Tough 11 minutes ago	1	Social Proof	mark in richmond hill, United States purchased a Fugoo Tough 11 minutes ago	75	13
1550	Bearded Dragon Substrates	0	Not Dark Pattern	Bearded Dragon Substrates	25	3
1536	Toddler Girl Jumpsuits and Rompers	0	Not Dark Pattern	Toddler Girl Jumpsuits and Rompers	34	5
1009	Enable cookies to use the shopping cart	0	Not Dark Pattern	Enable cookies to use the shopping cart	39	7
1026	Women's Go-Tos	0	Not Dark Pattern	Women's Go-Tos	14	2
1604	This genuine Spanish espadrille impressed our buyers so much they ordered them in a variety of gorgeous colours. With its uncomplicated design, plush leather sole and a practical platform wedge, you'll have a hard time getting through the warmer months without them. They're perfect for the beach, casual weekend barbeques or brunch with the girls.	0	Not Dark Pattern	This genuine Spanish espadrille impressed our buyers so much they ordered them in a variety of gorgeous colours. With its uncomplicated design, plush leather sole and a practical platform wedge, you'll have a hard time getting through the warmer months without them. They're perfect for the beach, casual weekend barbeques or brunch with the girls.	348	55
753	HURRY! DON'T MISS THIS DEAL! DAYS 0 1 HRS 1 2 MINS 3 1 SECONDS	1	Urgency	HURRY! DON'T MISS THIS DEAL! DAYS 0 1 HRS 1 2 MINS 3 1 SECONDS	62	15
418	No, I'd rather pay full price.	1	Misdirection	No, I'd rather pay full price.	30	6
212	Shopping with JD	0	Not Dark Pattern	Shopping with JD	16	3
1373	 All Brands A-Z 	0	Not Dark Pattern	All Brands A-Z	14	3
247	 Light Blue Regular Fit Single Cuff Easy Care Shirt 	0	Not Dark Pattern	Light Blue Regular Fit Single Cuff Easy Care Shirt	50	9
527	Crop Tops	0	Not Dark Pattern	Crop Tops	9	2
1051	Photography Projector	0	Not Dark Pattern	Photography Projector	21	2
527	 Salt Bender Tank and Shorts Combo 	0	Not Dark Pattern	Salt Bender Tank and Shorts Combo	33	6
1241	Diamond Nose Studs 	0	Not Dark Pattern	Diamond Nose Studs	18	3
1149	 Military Discount 	0	Not Dark Pattern	Military Discount	17	2
1736	Customize your phone with hundreds of grips, cases, wallets, and more.	0	Not Dark Pattern	Customize your phone with hundreds of grips, cases, wallets, and more.	70	11
5	5338 people viewed this in the last hour	1	Social Proof	5338 people viewed this in the last hour	40	8
1653	Only 1 item left in stock	1	Scarcity	Only 1 item left in stock	25	6
1197	 Add to Wish List Add to Compare 	0	Not Dark Pattern	Add to Wish List Add to Compare	31	7
453	No Thanks, I don't want a discount	1	Misdirection	No Thanks, I don't want a discount	34	7
1672	Availability: In Stock Hurry! Only 8 Left!	1	Scarcity	Availability: In Stock Hurry! Only 8 Left!	42	7
984	 Italy € EUR 	0	Not Dark Pattern	Italy € EUR	11	3
1488	Politics And Legislation	0	Not Dark Pattern	Politics And Legislation	24	3
1323	Fewer than 5 left!	1	Scarcity	Fewer than 5 left!	18	4
1009	 Gift Cards Collection 	0	Not Dark Pattern	Gift Cards Collection	21	3
465	No Thanks, I prefer paying full price.	1	Misdirection	No Thanks, I prefer paying full price.	38	7
300	We guarantee to match a lower online price.	0	Not Dark Pattern	We guarantee to match a lower online price.	43	8
1037	Hurry, before it is gone! Limited time remaining!	1	Urgency	Hurry, before it is gone! Limited time remaining!	49	8
6	Keith in Champaign, Illinois bought Mini USB Audio Cassette to MP3 Converterabout 56 minutes ago	1	Social Proof	Keith in Champaign, Illinois bought Mini USB Audio Cassette to MP3 Converterabout 56 minutes ago	96	15
1604	Select your size below and we'll email you if it comes back in stock!	0	Not Dark Pattern	Select your size below and we'll email you if it comes back in stock!	69	14
1466	Only 867 left	1	Scarcity	Only 867 left	13	3
920	About Cheryl's Business Gifts	0	Not Dark Pattern	About Cheryl's Business Gifts	29	4
1067	Only 2 units left in stock	1	Scarcity	Only 2 units left in stock	26	6
714	You can either livechat or email our support team with any questions or concerns. We are always ready to help. 	0	Not Dark Pattern	You can either livechat or email our support team with any questions or concerns. We are always ready to help.	110	20
1159	Only one item left in stock!	1	Scarcity	Only one item left in stock!	28	6
1009	Synthesis E-MTB Alloy Rear Wheel	0	Not Dark Pattern	Synthesis E-MTB Alloy Rear Wheel	32	5
991	LIMITED TIME DEAL!	1	Urgency	LIMITED TIME DEAL!	18	3
1554	Only 3 available	1	Scarcity	Only 3 available	16	3
1202	Only 1 left in online stock	1	Scarcity	Only 1 left in online stock	27	6
361	Great for shine	0	Not Dark Pattern	Great for shine	15	3
861	 Learn More 	0	Not Dark Pattern	Learn More	10	2
907	 Paper, Pads & Blocks Toggle category Paper, Pads & Blocks 	0	Not Dark Pattern	Paper, Pads & Blocks Toggle category Paper, Pads & Blocks	57	10
1356	Hurry! Almost Sold Out...	1	Scarcity	Hurry! Almost Sold Out...	25	4
189	. 	0	Not Dark Pattern	.	1	1
1484	Only 2 copies left	1	Scarcity	Only 2 copies left	18	4
1446	Christmas Craft Ideas	0	Not Dark Pattern	Christmas Craft Ideas	21	3
1228	Limited Quantity Available	1	Scarcity	Limited Quantity Available	26	3
350	No Thanks, I Don't Like Exclusive Offers.	1	Misdirection	No Thanks, I Don't Like Exclusive Offers.	41	7
286	Trey in Sparta, United States purchased Stealth Angel Ultra Lightweight & Portable Sleeping Bag about 45 minutes ago	1	Social Proof	Trey in Sparta, United States purchased Stealth Angel Ultra Lightweight & Portable Sleeping Bag about 45 minutes ago	116	18
1437	2 items left	1	Scarcity	2 items left	12	3
1522	PomeloFashion born in AsiaOn trend. Online. On the go.	0	Not Dark Pattern	PomeloFashion born in AsiaOn trend. Online. On the go.	54	9
1591	Available, only 2 left	1	Scarcity	Available, only 2 left	22	4
51	Someone in San diego, United States just bought Gemfield Watch 15 days ago	1	Social Proof	Someone in San diego, United States just bought Gemfield Watch 15 days ago	74	13
1367	Cowgirls	0	Not Dark Pattern	Cowgirls	8	1
729	 Rs INR 	0	Not Dark Pattern	Rs INR	6	2
113	- +	0	Not Dark Pattern	- +	3	2
1779	If I emailed you how much I love each jersey you’d have an essay coming your way!	0	Not Dark Pattern	If I emailed you how much I love each jersey you’d have an essay coming your way!	81	17
264	 Shirts & Blouses 	0	Not Dark Pattern	Shirts & Blouses	16	3
719	JFN Ladies Flat Embroidered Slip-On Dirty Shoes Vintage Thong Sandals	0	Not Dark Pattern	JFN Ladies Flat Embroidered Slip-On Dirty Shoes Vintage Thong Sandals	69	10
212	 New in 	0	Not Dark Pattern	New in	6	2
884	There is no commitment and no minimum to buy. Please note exact shipment times may vary. To customize this program or future shipments, call customer service anytime at 1-800-THICKEN (844-2536).	1	Obstruction	There is no commitment and no minimum to buy. Please note exact shipment times may vary. To customize this program or future shipments, call customer service anytime at 1-800-THICKEN (844-2536).	194	30
1468	About Bob's	0	Not Dark Pattern	About Bob's	11	2
236	22 people have looked at this part recently	1	Social Proof	22 people have looked at this part recently	43	8
1043	Limited Time!	1	Urgency	Limited Time!	13	2
19	4 sold in last 5 hours	1	Social Proof	4 sold in last 5 hours	22	6
1	Collin P. from Grandview Missouri just bought BURGUNDY TWO BUTTON SUIT ABOUT 5 SECONDS AGO	1	Social Proof	Collin P. from Grandview Missouri just bought BURGUNDY TWO BUTTON SUIT ABOUT 5 SECONDS AGO	90	15
571	Your order is reserved for 08:53 minutes!	1	Urgency	Your order is reserved for 08:53 minutes!	41	7
1317	 Rudraksha Recommendations 	0	Not Dark Pattern	Rudraksha Recommendations	25	2
818	OFFER ENDS: 09h: 09m: 55s: 0 	1	Urgency	OFFER ENDS: 09h: 09m: 55s: 0	28	6
1789	 Added to Favorites 	0	Not Dark Pattern	Added to Favorites	18	3
24	Kamal in Lathrop, United States purchased a Father Sons Super Slim Stretch Feather Print Long Sleeve - FS429 4 hours ago	1	Social Proof	Kamal in Lathrop, United States purchased a Father Sons Super Slim Stretch Feather Print Long Sleeve - FS429 4 hours ago	120	21
1536	Brown Dresses	0	Not Dark Pattern	Brown Dresses	13	2
72	Someone in city just added Radiance - Nebulizing Diffuser® to their cart	1	Social Proof	Someone in city just added Radiance - Nebulizing Diffuser® to their cart	72	12
113	They look really good with my brown eyes, and they look pretty natural.	0	Not Dark Pattern	They look really good with my brown eyes, and they look pretty natural.	71	13
1158	 Data Processor Privacy Policy: https://www.appnexus.com/corporate-privacy-policy 	0	Not Dark Pattern	Data Processor Privacy Policy: https://www.appnexus.com/corporate-privacy-policy	80	5
1362	Hurry! Only 1 Pair left!	1	Scarcity	Hurry! Only 1 Pair left!	24	5
1536	Plus Size Graphic Tops	0	Not Dark Pattern	Plus Size Graphic Tops	22	4
1648	Protection Filters	0	Not Dark Pattern	Protection Filters	18	2
769	Flash Sale - Almost Over! 00 HOURS : 55 1001 MINUTES : 0550 8778 SECONDS	1	Urgency	Flash Sale - Almost Over! 00 HOURS : 55 1001 MINUTES : 0550 8778 SECONDS	72	15
1609	Interactive Tent Finder	0	Not Dark Pattern	Interactive Tent Finder	23	3
504	Cart will expire in 04:53 minutes!	1	Urgency	Cart will expire in 04:53 minutes!	34	6
827	✕	0	Not Dark Pattern	✕	1	1
1301	Hurry, Only 4 Left In Stock. Buy Now!	1	Scarcity	Hurry, Only 4 Left In Stock. Buy Now!	37	8
1590	take me back to shopping	0	Not Dark Pattern	take me back to shopping	24	5
1268	Only 7 left	1	Scarcity	Only 7 left	11	3
1093	89% offers claimed. Hurry up!	1	Scarcity	89% offers claimed. Hurry up!	29	5
416	No thanks, I hate cool stuff	1	Misdirection	No thanks, I hate cool stuff	28	6
197	Cheryl in Ontario bought 100% Organic Reishi Mushroom Powder 100g about 16 minutes ago	1	Social Proof	Cheryl in Ontario bought 100% Organic Reishi Mushroom Powder 100g about 16 minutes ago	86	14
1389	20 units left	1	Scarcity	20 units left	13	3
949	High demand	1	Scarcity	High demand	11	2
69	3642 BOUGHT	1	Social Proof	3642 BOUGHT	11	2
1669	5 in stock	1	Scarcity	5 in stock	10	3
269	"Nancy in Pennsylvania purchased 24"" Italian Sterling Silver Milano Twist Adjustable Chain"	1	Social Proof	"Nancy in Pennsylvania purchased 24"" Italian Sterling Silver Milano Twist Adjustable Chain"	89	12
766	Solar Powered Paw Print Ground Light	0	Not Dark Pattern	Solar Powered Paw Print Ground Light	36	6
1072	Only 1 left	1	Scarcity	Only 1 left	11	3
1446	Candy Melts	0	Not Dark Pattern	Candy Melts	11	2
714	Romantic Ball Gown Tulle Spaghetti Sleeveless Tier Flower Dirl Dress	0	Not Dark Pattern	Romantic Ball Gown Tulle Spaghetti Sleeveless Tier Flower Dirl Dress	68	10
272	Abbie in Calwell, Australia purchased Shark Bite Socks about 1 hour ago	1	Social Proof	Abbie in Calwell, Australia purchased Shark Bite Socks about 1 hour ago	71	12
195	Last purchase was 18 minutes ago by someone from Dublin	1	Social Proof	Last purchase was 18 minutes ago by someone from Dublin	55	10
148	7 users have looked at this product in the past 6 minutes	1	Social Proof	7 users have looked at this product in the past 6 minutes	57	12
1317	Crystal Shivlingas 	0	Not Dark Pattern	Crystal Shivlingas	18	2
754	Facebook icon	0	Not Dark Pattern	Facebook icon	13	2
1489	 Midleton Very Rare 	0	Not Dark Pattern	Midleton Very Rare	18	3
1044	Pillow & Foam Bed Wedges	0	Not Dark Pattern	Pillow & Foam Bed Wedges	24	5
680	Happiness is to hold flowers in both hands. Furthermore, flowers make for an integral part of all occasions and celebrations........ Read More...	0	Not Dark Pattern	Happiness is to hold flowers in both hands. Furthermore, flowers make for an integral part of all occasions and celebrations........ Read More...	145	22
276	 Contact Support 	0	Not Dark Pattern	Contact Support	15	2
1221	Only 7 in Stock!	1	Scarcity	Only 7 in Stock!	16	4
1759	Use the left and right arrow keys to navigate the Menu. Use the enter key to activate the submenu on a navigation item. Use escape key to close the submenu. 	0	Not Dark Pattern	Use the left and right arrow keys to navigate the Menu. Use the enter key to activate the submenu on a navigation item. Use escape key to close the submenu.	156	30
1742	Score! You've Qualified for a Checkout Bonus	1	Misdirection	Score! You've Qualified for a Checkout Bonus	44	7
263	"Someone in Cashmere bought a 
RCM Cosworth Timing Belt Kit 99-02MY EJ20/22/251 hour ago"	1	Social Proof	Someone in Cashmere bought a RCM Cosworth Timing Belt Kit 99-02MY EJ20/22/251 hour ago	86	14
337	No thanks, I don't like FREE stuff.	1	Misdirection	No thanks, I don't like FREE stuff.	35	7
1714	No thanks, I just want the item	1	Misdirection	No thanks, I just want the item	31	7
1380	ONLY 1 LEFT IN STOCK	1	Scarcity	ONLY 1 LEFT IN STOCK	20	5
227	Trending now! Added to basket 38 times today	1	Social Proof	Trending now! Added to basket 38 times today	44	8
984	 Love the way you pay 	0	Not Dark Pattern	Love the way you pay	20	5
1673	Homeware Trends	0	Not Dark Pattern	Homeware Trends	15	2
1330	Victoria Victoria Beckham	0	Not Dark Pattern	Victoria Victoria Beckham	25	3
1337	In stock, only 1 products left	1	Scarcity	In stock, only 1 products left	30	6
1373	LAST 1 LEFT	1	Scarcity	LAST 1 LEFT	11	3
1330	 Rain Boots 	0	Not Dark Pattern	Rain Boots	10	2
1227	only 2 left in stock	1	Scarcity	only 2 left in stock	20	5
414	No thanks, I don't like deals.	1	Misdirection	No thanks, I don't like deals.	30	6
1466	Exterior Accessories	0	Not Dark Pattern	Exterior Accessories	20	2
1205	Size low on stock, only 1 item left	1	Scarcity	Size low on stock, only 1 item left	35	8
1469	Strength & Functional Training	0	Not Dark Pattern	Strength & Functional Training	30	4
242	8 people have this in their bag right now.	1	Social Proof	8 people have this in their bag right now.	42	9
1648	Motion Control System	0	Not Dark Pattern	Motion Control System	21	3
194	11 people viewed this today!	1	Social Proof	11 people viewed this today!	28	5
158	View All Home Accents	0	Not Dark Pattern	View All Home Accents	21	4
113	SUBSCRIPTION SUCCESSFUL. THANK YOU!	0	Not Dark Pattern	SUBSCRIPTION SUCCESSFUL. THANK YOU!	35	4
1630	 Lawn Mowers 	0	Not Dark Pattern	Lawn Mowers	11	2
984	Sale Clothing	0	Not Dark Pattern	Sale Clothing	13	2
622	 Fashion Floral Short Sleeve Dress 	0	Not Dark Pattern	Fashion Floral Short Sleeve Dress	33	5
1700	How about one of these hot sellers?	1	Misdirection	How about one of these hot sellers?	35	7
1183	Only 3 left	1	Scarcity	Only 3 left	11	3
1052	Now 20% off, hurry limited time offer!	1	Urgency	Now 20% off, hurry limited time offer!	38	7
1536	Boys Red School Uniforms	0	Not Dark Pattern	Boys Red School Uniforms	24	4
446	No thanks, I don't want a free gift.	1	Misdirection	No thanks, I don't want a free gift.	36	8
610	"Hurry! Sale Ends In:

02:59:50"	1	Urgency	Hurry! Sale Ends In: 02:59:50	29	5
8	 info@chainedandable.com 	0	Not Dark Pattern	info@chainedandable.com	23	1
352	NO, I'D RATHER PAY FULL PRICE	1	Misdirection	NO, I'D RATHER PAY FULL PRICE	29	6
681	activate within 10:00	1	Urgency	activate within 10:00	21	3
1130	There is only one product left!	1	Scarcity	There is only one product left!	31	6
557	00DAYS00HOURS47MINUTES36SECONDS SALE ENDS ONCE COUNTER HITS ZERO	1	Urgency	00DAYS00HOURS47MINUTES36SECONDS SALE ENDS ONCE COUNTER HITS ZERO	64	7
907	SAA Standard Membership - Credit/Debit Card - Automatic Annual Fee	0	Not Dark Pattern	SAA Standard Membership - Credit/Debit Card - Automatic Annual Fee	66	10
1315	 Laundry & Cleaning 	0	Not Dark Pattern	Laundry & Cleaning	18	3
1307	Only 3 left, order soon	1	Scarcity	Only 3 left, order soon	23	5
1013	 Entertainment Centers & TV Stands 	0	Not Dark Pattern	Entertainment Centers & TV Stands	33	5
320	No, I don't feel lucky	1	Misdirection	No, I don't feel lucky	22	5
1429	STAY IN THE LOOP!	0	Not Dark Pattern	STAY IN THE LOOP!	17	4
1388	1 left in stock. Hurry!	1	Scarcity	1 left in stock. Hurry!	23	5
1000	Blue Raspberry	0	Not Dark Pattern	Blue Raspberry	14	2
517	Your cart is reserved for 09:35 minutes.	1	Urgency	Your cart is reserved for 09:35 minutes.	40	7
1009	LIMITED TIME ONLY: FREE SHIPPING TO SELECT COUNTRIES ON ORDERS OVER $100!	1	Urgency	LIMITED TIME ONLY: FREE SHIPPING TO SELECT COUNTRIES ON ORDERS OVER $100!	73	12
1680	ONLY A FEW LEFT!	1	Scarcity	ONLY A FEW LEFT!	16	4
455	No thanks, I like full price	1	Misdirection	No thanks, I like full price	28	6
950	HIGH DEMAND	1	Scarcity	HIGH DEMAND	11	2
719	JFN Crew Neck Floral Vacation T-Shirt/Tee	0	Not Dark Pattern	JFN Crew Neck Floral Vacation T-Shirt/Tee	41	6
1412	ONLY A FEW LEFT	1	Scarcity	ONLY A FEW LEFT	15	4
766	 Indoor Festive Lights 	0	Not Dark Pattern	Indoor Festive Lights	21	3
530	EastwoodModern, sleek and enchanting, the Eastwood Collection provides comfortable seating while still looking mid-century magnificent.	0	Not Dark Pattern	EastwoodModern, sleek and enchanting, the Eastwood Collection provides comfortable seating while still looking mid-century magnificent.	135	15
1009	 Synthesis Alloy Collection 	0	Not Dark Pattern	Synthesis Alloy Collection	26	3
230	MOST POPULAR	1	Social Proof	MOST POPULAR	12	2
1785	We'd like to send you weekly emails packed full of our lovely products, clearance goodies and cool stuff to win. You can unsubscribe at any time. If you DON'T want to receive these emails, please tick this box. We'd like to send you the occasional brochure so you can get a regular fix of our lovely product! You can unsubscribe at any time. If you DON'T want to receive these brochures, please tick this box. We'd like to introduce you to other brands you might love who will post you the occasional brochure. You can opt out of this at any time. If you DON'T want to receive these brochures, please tick this box.	1	Misdirection	We'd like to send you weekly emails packed full of our lovely products, clearance goodies and cool stuff to win. You can unsubscribe at any time. If you DON'T want to receive these emails, please tick this box. We'd like to send you the occasional brochure so you can get a regular fix of our lovely product! You can unsubscribe at any time. If you DON'T want to receive these brochures, please tick this box. We'd like to introduce you to other brands you might love who will post you the occasional brochure. You can opt out of this at any time. If you DON'T want to receive these brochures, please tick this box.	615	114
1723	Occasion: Anniversary	0	Not Dark Pattern	Occasion: Anniversary	21	2
202	8 people have viewed this product today!	1	Social Proof	8 people have viewed this product today!	40	7
119	30 people have purchased this item	1	Social Proof	30 people have purchased this item	34	6
1466	Musical Toys	0	Not Dark Pattern	Musical Toys	12	2
9	Chelsea in Burlington, Wisconsin bought Take Out The Boat Jumpsuit, Blackabout 13 minutes ago	1	Social Proof	Chelsea in Burlington, Wisconsin bought Take Out The Boat Jumpsuit, Blackabout 13 minutes ago	93	14
919	Skin Concerns: Treats mild to moderate acne (including whiteheads, blackheads, pimples, and hormonal acne) and excess oiliness.	0	Not Dark Pattern	Skin Concerns: Treats mild to moderate acne (including whiteheads, blackheads, pimples, and hormonal acne) and excess oiliness.	127	17
1008	Limited Time Offer!	1	Urgency	Limited Time Offer!	19	3
1488	Events and Entertainment	0	Not Dark Pattern	Events and Entertainment	24	3
128	About UsNews & Articles	0	Not Dark Pattern	About UsNews & Articles	23	4
1615	Almost gone! Only 3 left In Stock	1	Scarcity	Almost gone! Only 3 left In Stock	33	7
680	 Low Maintenance Plants 	0	Not Dark Pattern	Low Maintenance Plants	22	3
1009	 Men's Apparel Collection 	0	Not Dark Pattern	Men's Apparel Collection	24	3
1658	 View All Parts 	0	Not Dark Pattern	View All Parts	14	3
782	We are one of the best online printing technology & solution company successfully serving local and international customers to cherish the joy, love and precious moments in life with various products. Being an instrument to spread your joy and love in a beautiful way we take pride in providing the best quality services. 	0	Not Dark Pattern	We are one of the best online printing technology & solution company successfully serving local and international customers to cherish the joy, love and precious moments in life with various products. Being an instrument to spread your joy and love in a beautiful way we take pride in providing the best quality services.	321	53
90	3 people are looking at this product	1	Social Proof	3 people are looking at this product	36	7
36	38 people are viewing this	1	Social Proof	38 people are viewing this	26	5
376	no thanks, I don't like to save	1	Misdirection	no thanks, I don't like to save	31	7
604	00 HRS 57 MINS 56 SECS	1	Urgency	00 HRS 57 MINS 56 SECS	22	6
1051	Shop all interactive whiteboards	0	Not Dark Pattern	Shop all interactive whiteboards	32	4
861	Sign up to stay up to date on all White Cloud news and savings!	0	Not Dark Pattern	Sign up to stay up to date on all White Cloud news and savings!	63	14
187	Stacey in Saint Marys, United States purchased Extra Long (10 Ft) Fiber Cloth Sync & Charge USB Android Cable - Assorted Colors about 30 minutes ago	1	Social Proof	Stacey in Saint Marys, United States purchased Extra Long (10 Ft) Fiber Cloth Sync & Charge USB Android Cable - Assorted Colors about 30 minutes ago	148	26
1509	Hurry! Only 6 left in stock!	1	Scarcity	Hurry! Only 6 left in stock!	28	6
1129	Only 1 Left in this Size!	1	Scarcity	Only 1 Left in this Size!	25	6
1139	These pieces are not yet in stock but will be shipped as soon as they are available. The estimated ship date will be noted on the product page.	0	Not Dark Pattern	These pieces are not yet in stock but will be shipped as soon as they are available. The estimated ship date will be noted on the product page.	143	28
4	Our website implements the ARIA attributes (Accessible Rich Internet Applications) technique, alongside various behavioral changes, to ensure blind users visiting with screen-readers can read, comprehend, and enjoy the website’s functions. As soon as a user with a screen-reader enters your site, they immediately receive a prompt to enter the Screen-Reader Profile so they can browse and operate your site effectively. Here’s how our website covers some of the most important screen-reader requirements:	0	Not Dark Pattern	Our website implements the ARIA attributes (Accessible Rich Internet Applications) technique, alongside various behavioral changes, to ensure blind users visiting with screen-readers can read, comprehend, and enjoy the website’s functions. As soon as a user with a screen-reader enters your site, they immediately receive a prompt to enter the Screen-Reader Profile so they can browse and operate your site effectively. Here’s how our website covers some of the most important screen-reader requirements:	504	72
1317	Only 7 left!	1	Scarcity	Only 7 left!	12	3
113	 Yearly 	0	Not Dark Pattern	Yearly	6	1
542	 to resolve the issue, or 	0	Not Dark Pattern	to resolve the issue, or	24	5
1429	Shop by Activity	0	Not Dark Pattern	Shop by Activity	16	3
1343	 Home » 	0	Not Dark Pattern	Home »	6	2
573	Lace Front African American Wigs	0	Not Dark Pattern	Lace Front African American Wigs	32	5
638	SRX Remotes	0	Not Dark Pattern	SRX Remotes	11	2
1197	 PAVILION LONG SLEEVE SHIRT DRESS Cornflower Stripe 	0	Not Dark Pattern	PAVILION LONG SLEEVE SHIRT DRESS Cornflower Stripe	50	7
165	Son in Suisun City, United States purchased Commander Lex	1	Social Proof	Son in Suisun City, United States purchased Commander Lex	57	9
1009	Icon MTB Socks - Black/Green	0	Not Dark Pattern	Icon MTB Socks - Black/Green	28	5
638	Focus remotes	0	Not Dark Pattern	Focus remotes	13	2
711	3DAYS124606	1	Urgency	3DAYS124606	11	1
891	To cancel your order before it ships, call us.	1	Obstruction	To cancel your order before it ships, call us.	46	9
638	Signup for email updates from Car and Truck Remotes!	0	Not Dark Pattern	Signup for email updates from Car and Truck Remotes!	52	9
4	Easy, awesome! ready to go. Held a charge first night	0	Not Dark Pattern	Easy, awesome! ready to go. Held a charge first night	53	10
92	More than 752 users are adding shapewear to their cart. Is your size left?	1	Social Proof	More than 752 users are adding shapewear to their cart. Is your size left?	74	14
1480	Newborn & InfantYouthAdjustableFlexSnapbacksSale Items- View All -	0	Not Dark Pattern	Newborn & InfantYouthAdjustableFlexSnapbacksSale Items- View All -	66	7
353	Flat Top	0	Not Dark Pattern	Flat Top	8	2
776	CPUs & Processors	0	Not Dark Pattern	CPUs & Processors	17	3
414	Brand Directory 	0	Not Dark Pattern	Brand Directory	15	2
325	No, I don't feel lucky.	1	Misdirection	No, I don't feel lucky.	23	5
1510	Only 2 left in stock. Make it yours.	1	Scarcity	Only 2 left in stock. Make it yours.	36	8
906	For more information about the VIP Rewards Club Membership, to purchase or terminate a membership, or to start or stop automatic renewal of a membership, contact Ross-Simons Customer Service by postal mail at: Ross-Simons, 9 Ross-Simons Drive, Cranston, Rhode Island 02920; or by email at customerservice@ross-simons.com; or by calling the VIP Rewards Club priority line at 800-835-3799.	1	Obstruction	For more information about the VIP Rewards Club Membership, to purchase or terminate a membership, or to start or stop automatic renewal of a membership, contact Ross-Simons Customer Service by postal mail at: Ross-Simons, 9 Ross-Simons Drive, Cranston, Rhode Island 02920; or by email at customerservice@ross-simons.com; or by calling the VIP Rewards Club priority line at 800-835-3799.	387	57
568	  	0	Not Dark Pattern		1	1
31	Sayeeganesh in Chennai, India just bought Dhoni the Finisher T-Shirt an hour ago	1	Social Proof	Sayeeganesh in Chennai, India just bought Dhoni the Finisher T-Shirt an hour ago	80	13
1203	Only 1 left in stock.	1	Scarcity	Only 1 left in stock.	21	5
1268	 Candy & Snacks 	0	Not Dark Pattern	Candy & Snacks	14	3
1279	Only 1 left , In Stock	1	Scarcity	Only 1 left , In Stock	22	6
140	65% of our customers added Surefit protection this year.	1	Social Proof	65% of our customers added Surefit protection this year.	56	9
995	50% OFF for Limited Time Only!!!	1	Urgency	50% OFF for Limited Time Only!!!	32	6
4	 Active Filters English English ✘ Remove Filter 	0	Not Dark Pattern	Active Filters English English ✘ Remove Filter	46	7
812	HURRY! ENDS IN: 11 HRS 20 MIN 13 SEC	1	Urgency	HURRY! ENDS IN: 11 HRS 20 MIN 13 SEC	36	9
68	Sabrina in Paraparaumu, New Zealand purchased a SCHO-KA-KOLA Schokakola energy Chocolate caffeine snack food MRE caffeinated 	1	Social Proof	Sabrina in Paraparaumu, New Zealand purchased a SCHO-KA-KOLA Schokakola energy Chocolate caffeine snack food MRE caffeinated	124	16
567	YOUR CART IS ELIGIBLE FOR AN ADDITIONAL 10% OFF Including Current Promotions + Sale & Clearance 00 hours :29 minutes :26 seconds CHECK OUT NOW	1	Urgency	YOUR CART IS ELIGIBLE FOR AN ADDITIONAL 10% OFF Including Current Promotions + Sale & Clearance 00 hours :29 minutes :26 seconds CHECK OUT NOW	142	25
1026	 MIN Twins 	0	Not Dark Pattern	MIN Twins	9	2
1446	Wedding Cross Stich & Embroidery Patterns	0	Not Dark Pattern	Wedding Cross Stich & Embroidery Patterns	41	6
1590	Choose Type of Cookies You Accept Using	0	Not Dark Pattern	Choose Type of Cookies You Accept Using	39	7
189	 ★ ★ ★ ★ ★ 	0	Not Dark Pattern	★ ★ ★ ★ ★	9	5
1565	10 SEATS LEFT	1	Scarcity	10 SEATS LEFT	13	3
1256	(Only 5 Left)	1	Scarcity	(Only 5 Left)	13	3
1489	 Mixed Wine Cases 	0	Not Dark Pattern	Mixed Wine Cases	16	3
1740	Let's make sure you have everything else you need	1	Misdirection	Let's make sure you have everything else you need	49	9
1111	80% offers claimed. Hurry up!	1	Scarcity	80% offers claimed. Hurry up!	29	5
398	WhiteBoho Rose Comforter and Sham Set	0	Not Dark Pattern	WhiteBoho Rose Comforter and Sham Set	37	6
528	Your order is reserved for 09:57 minutes!	1	Urgency	Your order is reserved for 09:57 minutes!	41	7
729	 ₪ ILS 	0	Not Dark Pattern	₪ ILS	5	2
1316	 Cooling & Air Treatment 	0	Not Dark Pattern	Cooling & Air Treatment	23	4
680	Mother’s Day is undoubtedly a significant occasion for all mothers. But, for the new moms, it is even more special. If you........... Read More...	0	Not Dark Pattern	Mother’s Day is undoubtedly a significant occasion for all mothers. But, for the new moms, it is even more special. If you........... Read More...	146	24
1058	LAYAWAY SALE WE WILL MATCH YOUR INITIAL PAYMENT. LIMITED TIME ONLY	1	Urgency	LAYAWAY SALE WE WILL MATCH YOUR INITIAL PAYMENT. LIMITED TIME ONLY	66	11
767	HURRY! ENDS IN: 10 HRS 40 MIN 00 SEC	1	Urgency	HURRY! ENDS IN: 10 HRS 40 MIN 00 SEC	36	9
1459	Mary Janes	0	Not Dark Pattern	Mary Janes	10	2
1295	Select Your Year	0	Not Dark Pattern	Select Your Year	16	3
103	What treats can I use?	0	Not Dark Pattern	What treats can I use?	22	5
527	We curate the very best in creative and innovative fashion for the EDM Lifestyle. 	0	Not Dark Pattern	We curate the very best in creative and innovative fashion for the EDM Lifestyle.	81	14
1488	Only 20 left	1	Scarcity	Only 20 left	12	3
188	 Terms of Service 	0	Not Dark Pattern	Terms of Service	16	3
1550	Upright Plants	0	Not Dark Pattern	Upright Plants	14	2
633	Your one-time offer! Enjoy 10% off sitewide. Applied at checkout Offer ends in: 04 hrs 37 min 56 sec	1	Urgency	Your one-time offer! Enjoy 10% off sitewide. Applied at checkout Offer ends in: 04 hrs 37 min 56 sec	100	19
1726	"""Your purchase entitles you to the following special"""	1	Misdirection	"""Your purchase entitles you to the following special"""	53	8
1317	 Brass Shankh 	0	Not Dark Pattern	Brass Shankh	12	2
63	2 people are looking right now	1	Social Proof	2 people are looking right now	30	6
350	Boys Shorts	0	Not Dark Pattern	Boys Shorts	11	2
971	IN HIGH DEMAND!	1	Scarcity	IN HIGH DEMAND!	15	3
1601	Low Stock Only 2 left	1	Scarcity	Low Stock Only 2 left	21	5
1481	Anaheim DucksArizona CoyotesCalgary FlamesChicago BlackhawksColorado AvalancheDallas StarsEdmonton OilersLos Angeles KingsMinnesota Wild	0	Not Dark Pattern	Anaheim DucksArizona CoyotesCalgary FlamesChicago BlackhawksColorado AvalancheDallas StarsEdmonton OilersLos Angeles KingsMinnesota Wild	136	11
398	Blankets Throws	0	Not Dark Pattern	Blankets Throws	15	2
861	Shop Disposables	0	Not Dark Pattern	Shop Disposables	16	2
765	 Free Delivery to Home & Next day delivery available to store* 	0	Not Dark Pattern	Free Delivery to Home & Next day delivery available to store*	61	11
1595	Limited-time Deal	1	Scarcity	Limited-time Deal	17	2
1045	Limited time - Free Shipping on all orders*	1	Urgency	Limited time - Free Shipping on all orders*	43	8
1469	Surgical & Face Masks	0	Not Dark Pattern	Surgical & Face Masks	21	4
1695	Hurry! Only 4 left in stock.	1	Scarcity	Hurry! Only 4 left in stock.	28	6
323	No thanks, I despise coupons!	1	Misdirection	No thanks, I despise coupons!	29	5
1429	Shop Men's Styles	0	Not Dark Pattern	Shop Men's Styles	17	3
1477	If you are one of those constantly devoted to healthy eating, weight loss plans,..	0	Not Dark Pattern	If you are one of those constantly devoted to healthy eating, weight loss plans,..	82	14
161	JULIE in Oak Brook, United States purchased a Watercolor Brush Pens 24 Refillable Colors with Travel Case about 10 hours ago	1	Social Proof	JULIE in Oak Brook, United States purchased a Watercolor Brush Pens 24 Refillable Colors with Travel Case about 10 hours ago	124	21
1000	For a limited time, buy 2 Hydroxycut Hardcore Elite, 30 Servings for $30!	1	Urgency	For a limited time, buy 2 Hydroxycut Hardcore Elite, 30 Servings for $30!	73	13
1394	(5 Left)	1	Scarcity	(5 Left)	8	2
1044	 Choosing the Best Plus Size Briefs 	0	Not Dark Pattern	Choosing the Best Plus Size Briefs	34	6
984	FREE SHIPPING FOR A LIMITED TIME | PRICES ARE IN USD AND INCLUDE ALL IMPORT DUTIES.	1	Urgency	FREE SHIPPING FOR A LIMITED TIME | PRICES ARE IN USD AND INCLUDE ALL IMPORT DUTIES.	83	16
993	 Cable Winders 	0	Not Dark Pattern	Cable Winders	13	2
638	TSX Remotes	0	Not Dark Pattern	TSX Remotes	11	2
1526	Only 3 Left In Stock	1	Scarcity	Only 3 Left In Stock	20	5
1469	Baby Bathtubs	0	Not Dark Pattern	Baby Bathtubs	13	2
1174	Only 14 left	1	Scarcity	Only 14 left	12	3
62	33 people are eyeing this item!	1	Social Proof	33 people are eyeing this item!	31	6
1716	Nice choice. Did you know you’re missing out on these deals with the item in your cart. Suit + Shirt + Tie now $599.99* - Shop Suits, Shirts and Ties Or Get 2 Suit Packages for $1100*	1	Misdirection	Nice choice. Did you know you’re missing out on these deals with the item in your cart. Suit + Shirt + Tie now $599.99* - Shop Suits, Shirts and Ties Or Get 2 Suit Packages for $1100*	183	37
321	No thanks, I don't like saving money	1	Misdirection	No thanks, I don't like saving money	36	7
1657	Only 1 Left in Stock. Buy Soon!	1	Scarcity	Only 1 Left in Stock. Buy Soon!	31	7
15	19 people have viewed this item	1	Social Proof	19 people have viewed this item	31	6
822	Crossman Air Pistols	0	Not Dark Pattern	Crossman Air Pistols	20	3
391	No Thanks, I'd Rather Pay Full Price	1	Misdirection	No Thanks, I'd Rather Pay Full Price	36	7
811	Harry Potter 	0	Not Dark Pattern	Harry Potter	12	2
1784	FilterSortFeaturedPrice: Low to HighPrice: High to LowAlphabetical: A-ZAlphabetical: Z-A	0	Not Dark Pattern	FilterSortFeaturedPrice: Low to HighPrice: High to LowAlphabetical: A-ZAlphabetical: Z-A	88	9
1439	We only have 8.0000 left in Stock	1	Scarcity	We only have 8.0000 left in Stock	33	7
875	Hurry, Sale ends in 9 Hours!	1	Urgency	Hurry, Sale ends in 9 Hours!	28	6
1139	Jewelry Care Kit	0	Not Dark Pattern	Jewelry Care Kit	16	3
5	Give a Gift	0	Not Dark Pattern	Give a Gift	11	3
907	 First name * 	0	Not Dark Pattern	First name *	12	3
55	166 people have added this item to cart	1	Social Proof	166 people have added this item to cart	39	8
603	LIMITED TIME LEFT! 00 : 46 : 11	1	Urgency	LIMITED TIME LEFT! 00 : 46 : 11	31	8
1653	Speak with our customer-care executive who will help you with your buying.	0	Not Dark Pattern	Speak with our customer-care executive who will help you with your buying.	74	12
1658	Mechanic's Wear	0	Not Dark Pattern	Mechanic's Wear	15	2
128	Please note: we do not ship to PO Boxes	0	Not Dark Pattern	Please note: we do not ship to PO Boxes	39	9
175	Michael M. from Lacey, WA just bought a Cal King	1	Social Proof	Michael M. from Lacey, WA just bought a Cal King	48	10
1293	Products are automatically delivered on your schedule. No obligation, modify or cancel your subscription anytime. 	0	Not Dark Pattern	Products are automatically delivered on your schedule. No obligation, modify or cancel your subscription anytime.	113	15
1647	There are only 1 item left in stock.	1	Scarcity	There are only 1 item left in stock.	36	8
1304	Free Shipping*	0	Not Dark Pattern	Free Shipping*	14	2
568	Crystals are alive. Born inside Mother Earth, crystal energy can be felt just like heat or cold. For chakra training to astrological remedies, discover healing crystals.	0	Not Dark Pattern	Crystals are alive. Born inside Mother Earth, crystal energy can be felt just like heat or cold. For chakra training to astrological remedies, discover healing crystals.	169	26
827	A-Z Luxury Brands	0	Not Dark Pattern	A-Z Luxury Brands	17	3
1668	ALMOST GONE - only 2 remaining!	1	Scarcity	ALMOST GONE - only 2 remaining!	31	6
786	Offer ends in 03 days 19 hours : 54 mins : 22 secs	1	Urgency	Offer ends in 03 days 19 hours : 54 mins : 22 secs	50	13
258	Over 200 views in 24 hrs	1	Social Proof	Over 200 views in 24 hrs	24	6
1498	Hurry, only 302 left.	1	Scarcity	Hurry, only 302 left.	21	4
822	Shotgun Bore Mops	0	Not Dark Pattern	Shotgun Bore Mops	17	3
261	POPULAR 64 others checked this out in the last few hours.	1	Social Proof	POPULAR 64 others checked this out in the last few hours.	57	11
1252	ONLY 5 LEFT IN STOCK	1	Scarcity	ONLY 5 LEFT IN STOCK	20	5
342	No thanks, I hate saving money	1	Misdirection	No thanks, I hate saving money	30	6
1381	Moroccan Rugs	0	Not Dark Pattern	Moroccan Rugs	13	2
994	ONLY AVAILABLE FOR A LIMITED TIME	1	Urgency	ONLY AVAILABLE FOR A LIMITED TIME	33	6
1351	 Sprouting 	0	Not Dark Pattern	Sprouting	9	1
272	Help us #savethefishies.	0	Not Dark Pattern	Help us #savethefishies.	24	3
1236	5 items left	1	Scarcity	5 items left	12	3
239	This product was viewed 26 seconds ago by someone from Princeton	1	Social Proof	This product was viewed 26 seconds ago by someone from Princeton	64	11
1473	ONLY 1 ITEM LEFT!	1	Scarcity	ONLY 1 ITEM LEFT!	17	4
1692	ONLY 11 LEFT	1	Scarcity	ONLY 11 LEFT	12	3
1518	Only a few left of this product!	1	Scarcity	Only a few left of this product!	32	7
719	JFN Scallop V Neck Solid Casual T-Shirt/Tee	0	Not Dark Pattern	JFN Scallop V Neck Solid Casual T-Shirt/Tee	43	7
120	Purchased 6 times this week.	1	Social Proof	Purchased 6 times this week.	28	5
1446	Crochet Baby Patterns	0	Not Dark Pattern	Crochet Baby Patterns	21	3
1083	Felizer Designer Diamond studded Round Dial Metal starp watch for Women & Girls - Silver (Heart design) Analog	0	Not Dark Pattern	Felizer Designer Diamond studded Round Dial Metal starp watch for Women & Girls - Silver (Heart design) Analog	110	18
264	 Home / Black Tapered Belted Cigarette Trousers - Myasia 	0	Not Dark Pattern	Home / Black Tapered Belted Cigarette Trousers - Myasia	55	9
1140	Only 4 left at this price	1	Scarcity	Only 4 left at this price	25	6
1667	Once a celebrated author of short stories now in his twilight years, 	0	Not Dark Pattern	Once a celebrated author of short stories now in his twilight years,	68	12
212	Recent Searches	0	Not Dark Pattern	Recent Searches	15	2
189	 Brand case & cloth included 	0	Not Dark Pattern	Brand case & cloth included	27	5
230	Hair Color + Highlights	0	Not Dark Pattern	Hair Color + Highlights	23	4
919	We combined powerful, yet gentle acne-fighting ingredients with our own unique plant-based complexes to help reduce irritation and redness associated with acne and breakouts. The result? Skin that’s nourished, smooth, and most importantly, clear!	0	Not Dark Pattern	We combined powerful, yet gentle acne-fighting ingredients with our own unique plant-based complexes to help reduce irritation and redness associated with acne and breakouts. The result? Skin that’s nourished, smooth, and most importantly, clear!	246	34
1305	Only 2 left, order soon	1	Scarcity	Only 2 left, order soon	23	5
1351	 Food 	0	Not Dark Pattern	Food	4	1
920	MORE WAYS TO SHOP	0	Not Dark Pattern	MORE WAYS TO SHOP	17	4
724	Your shopping cart is empty.	0	Not Dark Pattern	Your shopping cart is empty.	28	5
1241	Coin Necklace 	0	Not Dark Pattern	Coin Necklace	13	2
1009	Mallet E Speed Lace - Black/Silver	0	Not Dark Pattern	Mallet E Speed Lace - Black/Silver	34	6
110	Someone from Huntingtown, Maryland, United States purchased TopCoat® F11® Polish & Sealer - Web Special Kits Just Now	1	Social Proof	Someone from Huntingtown, Maryland, United States purchased TopCoat® F11® Polish & Sealer - Web Special Kits Just Now	117	18
893	You may cancel your VIP membership at any time by calling 1-866-337-0906 (open 24/7).	1	Obstruction	You may cancel your VIP membership at any time by calling 1-866-337-0906 (open 24/7).	85	14
944	Items in your cart are in VERY high-demand.	1	Scarcity	Items in your cart are in VERY high-demand.	43	8
1489	Sign up to our mailing list here and be the first to know about exclusive offers and events	0	Not Dark Pattern	Sign up to our mailing list here and be the first to know about exclusive offers and events	91	18
955	Items in your cart are selling fast	1	Scarcity	Items in your cart are selling fast	35	7
477	No thanks, I don't like winning.	1	Misdirection	No thanks, I don't like winning.	32	6
1466	Laundry Care	0	Not Dark Pattern	Laundry Care	12	2
1499	Low in stock: only 2 left.	1	Scarcity	Low in stock: only 2 left.	26	6
734	Deal Ends In 2 : DAYS13 : HRS10 : MIN24 SEC	1	Urgency	Deal Ends In 2 : DAYS13 : HRS10 : MIN24 SEC	43	11
1654	Order soon, only 1 left!	1	Scarcity	Order soon, only 1 left!	24	5
584	This campaign was taken down for content reasons	0	Not Dark Pattern	This campaign was taken down for content reasons	48	8
1238	Hurry, only 2 left in stock!	1	Scarcity	Hurry, only 2 left in stock!	28	6
767	AdjustableSnapbacksSale Items- View All -	0	Not Dark Pattern	AdjustableSnapbacksSale Items- View All -	41	5
1278	ONLY 5 LEFT IN STOCK!	1	Scarcity	ONLY 5 LEFT IN STOCK!	21	5
294	Over 238 people have bought this product	1	Social Proof	Over 238 people have bought this product	40	7
658	Order in 13:16 to get $200 off your mattress	1	Urgency	Order in 13:16 to get $200 off your mattress	44	9
907	 Bob Ross Oil Brushes 	0	Not Dark Pattern	Bob Ross Oil Brushes	20	4
454	No Thanks, I'd rather pay full price	1	Misdirection	No Thanks, I'd rather pay full price	36	7
1730	Terra - Medium Brown	0	Not Dark Pattern	Terra - Medium Brown	20	4
1322	Warning: Last items in stock!	1	Scarcity	Warning: Last items in stock!	29	5
534	Work With More Buyers And Sellers?	0	Not Dark Pattern	Work With More Buyers And Sellers?	34	6
61	 Lighting	0	Not Dark Pattern	Lighting	8	1
622	 Round Neck Casual Loose Patchwork Printed Short Sleeve Blouse 	0	Not Dark Pattern	Round Neck Casual Loose Patchwork Printed Short Sleeve Blouse	61	9
38	39 recently purchased it	1	Social Proof	39 recently purchased it	24	4
1034	Limited Time Offer: 10% Off your first order!	1	Urgency	Limited Time Offer: 10% Off your first order!	45	8
1466	Computer Accessories	0	Not Dark Pattern	Computer Accessories	20	2
1351	Aromatherapy 	0	Not Dark Pattern	Aromatherapy	12	1
1381	A Ritual of Light	0	Not Dark Pattern	A Ritual of Light	17	4
1398	Hurry only 2 left	1	Scarcity	Hurry only 2 left	17	4
127	21 people looked at this during the last 24 hours	1	Social Proof	21 people looked at this during the last 24 hours	49	10
1536	Black Jeans	0	Not Dark Pattern	Black Jeans	11	2
534	Build your own powerful multi-vendor marketplace website	0	Not Dark Pattern	Build your own powerful multi-vendor marketplace website	56	7
965	Items in your cart are in high demand, but we have reserved your order.	1	Scarcity	Items in your cart are in high demand, but we have reserved your order.	71	14
1375	167 piece(s) left for this promo	1	Scarcity	167 piece(s) left for this promo	32	6
429	No Thanks, I don't like free stuff.	1	Misdirection	No Thanks, I don't like free stuff.	35	7
1122	Only 32 left in stock	1	Scarcity	Only 32 left in stock	21	5
1481	Less than 10 left!	1	Scarcity	Less than 10 left!	18	4
203	CUSTOMER SERVICE	0	Not Dark Pattern	CUSTOMER SERVICE	16	2
686	Hurry! Sale ends in:	1	Urgency	Hurry! Sale ends in:	20	4
1488	NRA Firearms For Freedom	0	Not Dark Pattern	NRA Firearms For Freedom	24	4
1545	Low in stock	1	Scarcity	Low in stock	12	3
1303	Availability: Only 1 Left	1	Scarcity	Availability: Only 1 Left	25	4
622	 Printed Long Sleeves Casual Blouse For Women 	0	Not Dark Pattern	Printed Long Sleeves Casual Blouse For Women	44	7
573	Straight Hair Extensions	0	Not Dark Pattern	Straight Hair Extensions	24	3
306	Radio and GPS Pouches	0	Not Dark Pattern	Radio and GPS Pouches	21	4
1158	Only 3 left!	1	Scarcity	Only 3 left!	12	3
1597	Only 4 unit(s) available!	1	Scarcity	Only 4 unit(s) available!	25	4
1343	Anniversary Gifts by Year	0	Not Dark Pattern	Anniversary Gifts by Year	25	4
1446	All Scrapbooking Supplies	0	Not Dark Pattern	All Scrapbooking Supplies	25	3
1699	No USB or Y-Adapter!? Our USB Sound Card is highly recommended for PC (Mac/Linux/Windows) and works with current gen consoles. The Y adapter is recommended for console gaming, phone, or other TRRS jacks.	1	Misdirection	No USB or Y-Adapter!? Our USB Sound Card is highly recommended for PC (Mac/Linux/Windows) and works with current gen consoles. The Y adapter is recommended for console gaming, phone, or other TRRS jacks.	203	33
172	146 people recently purchased this.	1	Social Proof	146 people recently purchased this.	35	5
1454	Only 25 Deals left	1	Scarcity	Only 25 Deals left	18	4
246	HOW TO MANAGE SIDE EFFECTS	0	Not Dark Pattern	HOW TO MANAGE SIDE EFFECTS	26	5
1736	Website Accessibility	0	Not Dark Pattern	Website Accessibility	21	2
790	 Item added to cart. View cart and check out. Close 	0	Not Dark Pattern	Item added to cart. View cart and check out. Close	50	10
1550	Heat Mats & Strips	0	Not Dark Pattern	Heat Mats & Strips	18	4
775	HURRY! YOUR 10% OFF EXPIRES IN 29:43	1	Urgency	HURRY! YOUR 10% OFF EXPIRES IN 29:43	36	7
12	3 people bought this item last week.	1	Social Proof	3 people bought this item last week.	36	7
907	 Share on Pinterest 	0	Not Dark Pattern	Share on Pinterest	18	3
1089	Only 8 left in stock	1	Scarcity	Only 8 left in stock	20	5
565	Hurry! This special sale ends in 2h 42m 0s	1	Urgency	Hurry! This special sale ends in 2h 42m 0s	42	9
216	Hype. Home	0	Not Dark Pattern	Hype. Home	10	2
672	VIP OFFERS END 00:54:59	1	Urgency	VIP OFFERS END 00:54:59	23	4
790	Roommates agreement... need i say more? this is a great poster for the walls of any house that has more than one person living in it. if you're alone, get it all the same - it'll make you laugh at any given time :)	0	Not Dark Pattern	Roommates agreement... need i say more? this is a great poster for the walls of any house that has more than one person living in it. if you're alone, get it all the same - it'll make you laugh at any given time :)	214	44
1158	This is how you can reject or delete your cookies	0	Not Dark Pattern	This is how you can reject or delete your cookies	49	10
667	Ericdress Round Neck Three-Quarter Sleeve Mid-Calf Pullover Fall Women's Dress	0	Not Dark Pattern	Ericdress Round Neck Three-Quarter Sleeve Mid-Calf Pullover Fall Women's Dress	78	10
1451	 Email Address 	0	Not Dark Pattern	Email Address	13	2
526	Your cart is reserved for 14:57 minutes!	1	Urgency	Your cart is reserved for 14:57 minutes!	40	7
386	No thanks, I don't want any deals	1	Misdirection	No thanks, I don't want any deals	33	7
1536	Toddler Boy Underwear and Undershirts	0	Not Dark Pattern	Toddler Boy Underwear and Undershirts	37	5
1488	Collegiate Shooting Programs	0	Not Dark Pattern	Collegiate Shooting Programs	28	3
1497	ONLY 1 ITEM LEFT	1	Scarcity	ONLY 1 ITEM LEFT	16	4
559	01 Hours 37 Minutes 48 Seconds 1/10s	1	Urgency	01 Hours 37 Minutes 48 Seconds 1/10s	36	7
907	 Supporting All Artists Create because you can 	0	Not Dark Pattern	Supporting All Artists Create because you can	45	7
1723	HomeFlowersColourful Mixed Roses Bouquet	0	Not Dark Pattern	HomeFlowersColourful Mixed Roses Bouquet	40	4
69	Send as giftexpand_more	0	Not Dark Pattern	Send as giftexpand_more	23	3
209	Delivery & Returns	0	Not Dark Pattern	Delivery & Returns	18	3
1622	Only: 9 in stock now	1	Scarcity	Only: 9 in stock now	20	5
1555	Only 3 left , In Stock	1	Scarcity	Only 3 left , In Stock	22	6
1550	Livefood Subscription	0	Not Dark Pattern	Livefood Subscription	21	2
249	Grocery & Liquor	0	Not Dark Pattern	Grocery & Liquor	16	3
680	 For Wife 	0	Not Dark Pattern	For Wife	8	2
855	UP TO 60% OFF SPRING SALE PLUS 10% OFF ALL SHOWERS ENTER CODE SHOWERS10 AT CHECKOUT, MUST END TUESDAY 02DAYS  :  04HOURS  :  13MINS  :  28SECS	1	Urgency	UP TO 60% OFF SPRING SALE PLUS 10% OFF ALL SHOWERS ENTER CODE SHOWERS10 AT CHECKOUT, MUST END TUESDAY 02DAYS : 04HOURS : 13MINS : 28SECS	136	26
103	Great for keeping track of your pup while at work	0	Not Dark Pattern	Great for keeping track of your pup while at work	49	10
108	 Subscribe 	0	Not Dark Pattern	Subscribe	9	1
1167	Powered by	0	Not Dark Pattern	Powered by	10	2
1480	JerseysPantsSleepwear & UnderwearSwim CollectionT-ShirtsSale Items- View All -	0	Not Dark Pattern	JerseysPantsSleepwear & UnderwearSwim CollectionT-ShirtsSale Items- View All -	78	8
1361	Hurry, Only a few left!	1	Scarcity	Hurry, Only a few left!	23	5
811	 I love this phone case! 😍 #phonecase #hiraeth #appleiphone #apple #rosegold #loveit 	0	Not Dark Pattern	I love this phone case! 😍 #phonecase #hiraeth #appleiphone #apple #rosegold #loveit	83	12
1253	ONLY 1 LEFT IN THIS SIZE	1	Scarcity	ONLY 1 LEFT IN THIS SIZE	24	6
1034	Looking for your order history?	0	Not Dark Pattern	Looking for your order history?	31	5
1164	Only 82 left in stock!	1	Scarcity	Only 82 left in stock!	22	5
1667	Readers looking for some old-fashioned storytelling with a sprinkling of magic will find it here. 	0	Not Dark Pattern	Readers looking for some old-fashioned storytelling with a sprinkling of magic will find it here.	97	15
1268	Traditional Snacks	0	Not Dark Pattern	Traditional Snacks	18	2
993	 Travel Accessories 	0	Not Dark Pattern	Travel Accessories	18	2
1469	eWriters & Graphics Tablets	0	Not Dark Pattern	eWriters & Graphics Tablets	27	4
8	 EU Delivery & Returns 	0	Not Dark Pattern	EU Delivery & Returns	21	4
1054	LIMITED TIME OFFER MEN'S CHINOS & 5-POCKET PANTS BUY 2 FOR $59.90 EACH SHOP NOW	1	Urgency	LIMITED TIME OFFER MEN'S CHINOS & 5-POCKET PANTS BUY 2 FOR $59.90 EACH SHOP NOW	79	15
584	Your order will be reserved for 6:56 minutes.	1	Urgency	Your order will be reserved for 6:56 minutes.	45	8
1299	LESS THAN 8 LEFT IN STOCK!	1	Scarcity	LESS THAN 8 LEFT IN STOCK!	26	6
1289	 United States 	0	Not Dark Pattern	United States	13	2
1013	Limited Time Sale - Buy Now!	1	Urgency	Limited Time Sale - Buy Now!	28	6
1536	 Mobile Terms of Use 	0	Not Dark Pattern	Mobile Terms of Use	19	4
1459	 ALL SALE 	0	Not Dark Pattern	ALL SALE	8	2
1469	MyStore	0	Not Dark Pattern	MyStore	7	1
1297	JUST 1 LEFT!	1	Scarcity	JUST 1 LEFT!	12	3
1326	Don't snooze, only 1 left	1	Scarcity	Don't snooze, only 1 left	25	5
880	I agree to receive marketing emails from Natural Life and agree to our Privacy Policy and terms of use.	1	Forced Action	I agree to receive marketing emails from Natural Life and agree to our Privacy Policy and terms of use.	103	19
1222	Don't miss out, only 2 left in stock	1	Scarcity	Don't miss out, only 2 left in stock	36	8
37	Someone from Rochedale, Queensland, Australia started buying this!	1	Social Proof	Someone from Rochedale, Queensland, Australia started buying this!	66	8
216	 Please click 	0	Not Dark Pattern	Please click	12	2
1468	 Box Springs & Foundations	0	Not Dark Pattern	Box Springs & Foundations	25	4
833	Countdown	0	Not Dark Pattern	Countdown	9	1
667	Men's Pullover Sweaters	0	Not Dark Pattern	Men's Pullover Sweaters	23	3
1604	 Tony Bianco 	0	Not Dark Pattern	Tony Bianco	11	2
1590	 LOGO BLACK 	0	Not Dark Pattern	LOGO BLACK	10	2
1723	Everything was perfect. The delivery was very smooth and the products were in great condition as well.	0	Not Dark Pattern	Everything was perfect. The delivery was very smooth and the products were in great condition as well.	102	17
1405	 Face Masks	0	Not Dark Pattern	Face Masks	10	2
1040	LIMITED TIME OFFER!	1	Urgency	LIMITED TIME OFFER!	19	3
1077	Low In Stock Today	1	Scarcity	Low In Stock Today	18	4
1729	Lenscap: Damage Only	1	Misdirection	Lenscap: Damage Only	20	3
1745	With 1-year Care Subscription 10 days history	1	Misdirection	With 1-year Care Subscription 10 days history	45	7
1667	About Ruth Hogan	0	Not Dark Pattern	About Ruth Hogan	16	3
1271	Don't miss out on this item! There is only 1 left in stock.	1	Scarcity	Don't miss out on this item! There is only 1 left in stock.	59	13
427	NO, THANKS. I DON'T LIKE DISCOUNTS 	1	Misdirection	NO, THANKS. I DON'T LIKE DISCOUNTS	34	6
423	No thanks, I'd rather pay full price.	1	Misdirection	No thanks, I'd rather pay full price.	37	7
992	Wait! Take 10% off Your First Order Deal Expires Soon!	1	Urgency	Wait! Take 10% off Your First Order Deal Expires Soon!	54	10
902	Perhaps you could...	0	Not Dark Pattern	Perhaps you could...	20	3
912	CANCELLATION POLICY: If you are not completely satisfied with Yogi Surprise, you can cancel your membership and discontinue your monthly payments at any time. In order to cancel before you are renewed for the next shipment, you need to contact Yogi Surprise prior to the renewal date on the 14th of each month. Email: support@yogisurprise.com and we’ll respond promptly. If your membership has already renewed and you’d like to cancel an upcoming shipment, you must request cancellation by the 3rd of the month to be eligible for a refund. IF YOU DO NOT CANCEL PRIOR TO THE THIRD DAY OF A CALENDAR MONTH, YOU CANNOT BE REFUNDED FOR THAT MONTH’S SHIPMENT. WE DO NOT OFFER REFUNDS ON BOXES THAT HAVE ALREADY BEEN SHIPPED. To request cancellation, simply click here and submit the contact form or email us: support@yogisurprise.com. We’ll get back to promptly!	1	Obstruction	CANCELLATION POLICY: If you are not completely satisfied with Yogi Surprise, you can cancel your membership and discontinue your monthly payments at any time. In order to cancel before you are renewed for the next shipment, you need to contact Yogi Surprise prior to the renewal date on the 14th of each month. Email: support@yogisurprise.com and we’ll respond promptly. If your membership has already renewed and you’d like to cancel an upcoming shipment, you must request cancellation by the 3rd of the month to be eligible for a refund. IF YOU DO NOT CANCEL PRIOR TO THE THIRD DAY OF A CALENDAR MONTH, YOU CANNOT BE REFUNDED FOR THAT MONTH’S SHIPMENT. WE DO NOT OFFER REFUNDS ON BOXES THAT HAVE ALREADY BEEN SHIPPED. To request cancellation, simply click here and submit the contact form or email us: support@yogisurprise.com. We’ll get back to promptly!	857	143
1063	Limited Time Only! 20% Off	1	Urgency	Limited Time Only! 20% Off	26	5
1585	Hurry, only 2 left in stock	1	Scarcity	Hurry, only 2 left in stock	27	6
622	 Casual V-Neck Sleeveless T-Shirt 	0	Not Dark Pattern	Casual V-Neck Sleeveless T-Shirt	32	4
66	 Businesses in the EU buying from a business in the same country are also charged VAT.	0	Not Dark Pattern	Businesses in the EU buying from a business in the same country are also charged VAT.	85	16
207	Someone in Flemington, United States purchased Anti-Aging Eyelid Tape (Contains 100 Strips) Just now	1	Social Proof	Someone in Flemington, United States purchased Anti-Aging Eyelid Tape (Contains 100 Strips) Just now	100	14
1210	Hurry only 8 items left!	1	Scarcity	Hurry only 8 items left!	24	5
190	 Shop 	0	Not Dark Pattern	Shop	4	1
225	Someone in United States just purchased a	1	Social Proof	Someone in United States just purchased a	41	7
1014	LIMITED TIME: $10 OFF! DISCOUNT REFLECTED IN PRICE!	1	Urgency	LIMITED TIME: $10 OFF! DISCOUNT REFLECTED IN PRICE!	51	8
861	 Rechargeable 	0	Not Dark Pattern	Rechargeable	12	1
1541	 Redeem Gift Certificates 	0	Not Dark Pattern	Redeem Gift Certificates	24	3
1469	Hurry! 1 items left!	1	Scarcity	Hurry! 1 items left!	20	4
1658	Muc-Off	0	Not Dark Pattern	Muc-Off	7	1
247	Frequently Asked Questions	0	Not Dark Pattern	Frequently Asked Questions	26	3
113	We value your input. Share your review so everyone else can enjoy it too.	0	Not Dark Pattern	We value your input. Share your review so everyone else can enjoy it too.	73	14
128	Someone in Byron Bay, NSW just bought	1	Social Proof	Someone in Byron Bay, NSW just bought	37	7
1600	Last 1 left	1	Scarcity	Last 1 left	11	3
1331	Limited quantity available	1	Scarcity	Limited quantity available	26	3
1317	 ॐ Welcome to Devshoppe Sign In or Create an Account 	0	Not Dark Pattern	ॐ Welcome to Devshoppe Sign In or Create an Account	51	10
1315	Code of Conduct	0	Not Dark Pattern	Code of Conduct	15	3
1648	Macro Focussing Rails	0	Not Dark Pattern	Macro Focussing Rails	21	3
1174	Tactical Rifles	0	Not Dark Pattern	Tactical Rifles	15	2
1536	Bottoms Deals	0	Not Dark Pattern	Bottoms Deals	13	2
634	Checkout within 04:10 so we don't run out of stock!	1	Urgency	Checkout within 04:10 so we don't run out of stock!	51	10
54	3,081 people have viewed this item	1	Social Proof	3,081 people have viewed this item	34	6
1489	 Champagne Taittinger 	0	Not Dark Pattern	Champagne Taittinger	20	2
1328	Hurry! Only 7 left	1	Scarcity	Hurry! Only 7 left	18	4
83	19,302 people have added this item to cart	1	Social Proof	19,302 people have added this item to cart	42	8
888	We will also send you an additional email confirming your renewal. Should you elect not to renew your Membership, you may cancel at any time prior to the renewal by emailing us at passportmembership@1800flowers.com and your credit/debit card on file with us will not be charged. A confirmation email will be sent to you. If you email to cancel after your Membership has been renewed, your credit/debit card will have been charged the then current paid annual membership fee for the Passport Program, however you may request, and 1-800-Flowers may grant, a pro-rata refund within its sole discretion based upon the extent that you may have utilized the benefits of the Passport Program and the period of time remaining on your paid Membership.	1	Obstruction	We will also send you an additional email confirming your renewal. Should you elect not to renew your Membership, you may cancel at any time prior to the renewal by emailing us at passportmembership@1800flowers.com and your credit/debit card on file with us will not be charged. A confirmation email will be sent to you. If you email to cancel after your Membership has been renewed, your credit/debit card will have been charged the then current paid annual membership fee for the Passport Program, however you may request, and 1-800-Flowers may grant, a pro-rata refund within its sole discretion based upon the extent that you may have utilized the benefits of the Passport Program and the period of time remaining on your paid Membership.	742	123
61	Howdy stranger, looks like your trail has hit a dead end.	0	Not Dark Pattern	Howdy stranger, looks like your trail has hit a dead end.	57	11
740	 Maker Faire News 	0	Not Dark Pattern	Maker Faire News	16	3
13	31 people seeing this product right now	1	Social Proof	31 people seeing this product right now	39	7
281	3 other people are currently viewing this item.	1	Social Proof	3 other people are currently viewing this item.	47	8
22	Favored By: 400 people!	1	Social Proof	Favored By: 400 people!	23	4
1330	 All Shoes 	0	Not Dark Pattern	All Shoes	9	2
1573	 What's New New arrivals daily 	0	Not Dark Pattern	What's New New arrivals daily	29	5
160	143 BOUGHT	1	Social Proof	143 BOUGHT	10	2
1267	WARNING! Only 5 left in stock!	1	Scarcity	WARNING! Only 5 left in stock!	30	6
409	No thanks, I've got too much cool Glock stuff!	1	Misdirection	No thanks, I've got too much cool Glock stuff!	46	9
256	43 added to bag in the last 48hrs	1	Social Proof	43 added to bag in the last 48hrs	33	8
1675	67% offers claimed. Hurry up!	1	Scarcity	67% offers claimed. Hurry up!	29	5
1469	Party & Birthday Novelties	0	Not Dark Pattern	Party & Birthday Novelties	26	4
1317	 Temple Locks 	0	Not Dark Pattern	Temple Locks	12	2
296	Sara from Philadelphia just saved $68 on her order.	1	Social Proof	Sara from Philadelphia just saved $68 on her order.	51	9
121	17 people have viewed this wine today	1	Social Proof	17 people have viewed this wine today	37	7
1158	 Data Processor: Amobee 	0	Not Dark Pattern	Data Processor: Amobee	22	3
994	new merch coming soon	0	Not Dark Pattern	new merch coming soon	21	4
1365	Prices subject to change without notice. Products shown may not be available in our stores.	0	Not Dark Pattern	Prices subject to change without notice. Products shown may not be available in our stores.	91	15
1056	Add your favourites to cart	0	Not Dark Pattern	Add your favourites to cart	27	5
1030	Free Shipping On Orders Over $49* - Limited Time Only	1	Urgency	Free Shipping On Orders Over $49* - Limited Time Only	53	10
169	Someone in DOVER, United States just bought Crew 15 mins ago	1	Social Proof	Someone in DOVER, United States just bought Crew 15 mins ago	60	11
766	 Payment Methods 	0	Not Dark Pattern	Payment Methods	15	2
1367	 Also notify me about New Arrivals! 	0	Not Dark Pattern	Also notify me about New Arrivals!	34	6
752	POSTED BY @missladywoolf#motoin	0	Not Dark Pattern	POSTED BY @missladywoolf#motoin	31	3
680	 All Personalised Gifts 	0	Not Dark Pattern	All Personalised Gifts	22	3
1095	HURRY! ONLY 19 LEFT IN STOCK.	1	Scarcity	HURRY! ONLY 19 LEFT IN STOCK.	29	6
842	Massive Tax Time Sale See Discounts! Sale ends in	1	Urgency	Massive Tax Time Sale See Discounts! Sale ends in	49	9
588	Special sale ends in	1	Urgency	Special sale ends in	20	4
259	By clicking “Accept All Cookies”, you agree to the storing of cookies on your device to enhance site navigation, analyze site usage, and assist in our marketing efforts. 	0	Not Dark Pattern	By clicking “Accept All Cookies”, you agree to the storing of cookies on your device to enhance site navigation, analyze site usage, and assist in our marketing efforts.	169	28
1315	Sorry! This product is no longer available	0	Not Dark Pattern	Sorry! This product is no longer available	42	7
1673	Brand: Ray-Ban® | Similar products from Ray-Ban®	0	Not Dark Pattern	Brand: Ray-Ban® | Similar products from Ray-Ban®	48	7
441	No thanks, free stuff isn't for me.	1	Misdirection	No thanks, free stuff isn't for me.	35	7
1214	Only 2 Left	1	Scarcity	Only 2 Left	11	3
113	 Colored Contact Lenses 	0	Not Dark Pattern	Colored Contact Lenses	22	3
262	Israël in Metz, France purchased a More ADVANCED Chord Substitutions	1	Social Proof	Israël in Metz, France purchased a More ADVANCED Chord Substitutions	68	10
1351	In stock | 44 left	1	Scarcity	In stock | 44 left	18	5
1359	only 7 pieces left	1	Scarcity	only 7 pieces left	18	4
1536	Download Now	0	Not Dark Pattern	Download Now	12	2
1469	Beach Towels & Mats	0	Not Dark Pattern	Beach Towels & Mats	19	4
619	ENDS IN - Flash Offer - TWO PAIRS OF SHOES FOR $319 PROMO CODE AUTO-APPLIED AT CHECKOUT! 0 Days : 16 Hours : 09 Minutes : 57 Seconds	1	Urgency	ENDS IN - Flash Offer - TWO PAIRS OF SHOES FOR $319 PROMO CODE AUTO-APPLIED AT CHECKOUT! 0 Days : 16 Hours : 09 Minutes : 57 Seconds	132	28
1496	Hurry, limited quantities left!	1	Scarcity	Hurry, limited quantities left!	31	4
230	Light Works	0	Not Dark Pattern	Light Works	11	2
1779	Both of these jerseys are awesome, I couldn’t have asked for better quality.	0	Not Dark Pattern	Both of these jerseys are awesome, I couldn’t have asked for better quality.	76	13
1117	Only 14 left!	1	Scarcity	Only 14 left!	13	3
445	NO THANKS, I DON'T WANT 20% OFF MY ORDER	1	Misdirection	NO THANKS, I DON'T WANT 20% OFF MY ORDER	40	9
1792	I already have this item. Do not add this to cart	1	Misdirection	I already have this item. Do not add this to cart	49	11
1469	Security Cameras	0	Not Dark Pattern	Security Cameras	16	2
1604	Cross Body	0	Not Dark Pattern	Cross Body	10	2
1667	 -- Preeti Shenoy, author of THE RULE BREAKERS	0	Not Dark Pattern	-- Preeti Shenoy, author of THE RULE BREAKERS	45	8
1550	Royal Python Vivariums	0	Not Dark Pattern	Royal Python Vivariums	22	3
833	Stone Island Junior	0	Not Dark Pattern	Stone Island Junior	19	3
1397	ONLY 1 LEFT!	1	Scarcity	ONLY 1 LEFT!	12	3
113	 Sustainably made	0	Not Dark Pattern	Sustainably made	16	2
1468	Bob's For Business	0	Not Dark Pattern	Bob's For Business	18	3
1791	"""We'd love to send you emails with offers and new products from New Balance Athletics, Inc. but if you do not wish to receive these updates, please tick this box."	1	Misdirection	"""We'd love to send you emails with offers and new products from New Balance Athletics, Inc. but if you do not wish to receive these updates, please tick this box."	162	30
1536	Boys Green School Uniforms	0	Not Dark Pattern	Boys Green School Uniforms	26	4
782	 Show Password 	0	Not Dark Pattern	Show Password	13	2
300	Pay Securely with Trespass	0	Not Dark Pattern	Pay Securely with Trespass	26	4
1131	Limited Stock!	1	Scarcity	Limited Stock!	14	2
212	 adidas Originals Stan Smith 	0	Not Dark Pattern	adidas Originals Stan Smith	27	4
989	LIMITED TIME - BUY THE NEW PURPLE PLUSH PILLOW, GET ONE FREE	1	Urgency	LIMITED TIME - BUY THE NEW PURPLE PLUSH PILLOW, GET ONE FREE	60	12
1468	 Functional Marketing Cookies	0	Not Dark Pattern	Functional Marketing Cookies	28	3
1023	Limited Time Offers	1	Urgency	Limited Time Offers	19	3
186	Someone in Bacchus Marsh bought a Noosa Basics Deodorant Stick - Sensitive (60g) 27 seconds ago	1	Social Proof	Someone in Bacchus Marsh bought a Noosa Basics Deodorant Stick - Sensitive (60g) 27 seconds ago	95	16
312	436 users are currently active on our website Just now	1	Social Proof	436 users are currently active on our website Just now	54	10
892	Exposed Membership (recurring subscription) and Cancellations  If You order with Exposed Membership, you are selecting a recurring billing subscription, where You will receive a new kit approximately every 60 days. You are able to cancel by contacting Exposed customer care at 1-866-404-7656, 8am – 4pm Pacific Time, M-F.  If You are part of our Monthly installment program, You will be billed in two monthly installments for each acne kit shipped. Each kit will be shipped every two months unless your membership is canceled. To cancel Your Exposed Membership, You must: 1. first pay in full for all kits that have been shipped 2. and, then contact Exposed customer care at 1-866-404-7656 8am – 4pm Pacific Time, M-F to process Your cancellation.	1	Obstruction	Exposed Membership (recurring subscription) and Cancellations If You order with Exposed Membership, you are selecting a recurring billing subscription, where You will receive a new kit approximately every 60 days. You are able to cancel by contacting Exposed customer care at 1-866-404-7656, 8am – 4pm Pacific Time, M-F. If You are part of our Monthly installment program, You will be billed in two monthly installments for each acne kit shipped. Each kit will be shipped every two months unless your membership is canceled. To cancel Your Exposed Membership, You must: 1. first pay in full for all kits that have been shipped 2. and, then contact Exposed customer care at 1-866-404-7656 8am – 4pm Pacific Time, M-F to process Your cancellation.	745	121
1536	Sale Coats and Jackets	0	Not Dark Pattern	Sale Coats and Jackets	22	4
573	Shop By Brands	0	Not Dark Pattern	Shop By Brands	14	3
1765	Did you know that Shaver heads need replacing every 12 - 18 months? Get the Shaver Guard cleaning spray to extend its life for up to another 6 months!	1	Misdirection	Did you know that Shaver heads need replacing every 12 - 18 months? Get the Shaver Guard cleaning spray to extend its life for up to another 6 months!	150	29
1658	ROAD CLOTHING	0	Not Dark Pattern	ROAD CLOTHING	13	2
324	No thanks, I don't want to build one.. I'd rather kick rocks!	1	Misdirection	No thanks, I don't want to build one.. I'd rather kick rocks!	61	12
1351	 Menstrual Products 	0	Not Dark Pattern	Menstrual Products	18	2
1564	4 SEATS LEFT	1	Scarcity	4 SEATS LEFT	12	3
132	Someone in Keilor East bought a Piranta-Edge Skinning Knife - Blaze - Havalon Knives54 minutes ago	1	Social Proof	Someone in Keilor East bought a Piranta-Edge Skinning Knife - Blaze - Havalon Knives54 minutes ago	98	16
190	Shoes & Clothing	0	Not Dark Pattern	Shoes & Clothing	16	3
767	Imported	0	Not Dark Pattern	Imported	8	1
940	Will sell out fast!	1	Scarcity	Will sell out fast!	19	4
116	Get it fast! 14 added to bag today	1	Social Proof	Get it fast! 14 added to bag today	34	8
1293	Herbaceous oil rich in anti-aging polyphenols.	0	Not Dark Pattern	Herbaceous oil rich in anti-aging polyphenols.	46	6
1216	HURRY! LESS THAN 129 LEFT.	1	Scarcity	HURRY! LESS THAN 129 LEFT.	26	5
111	Ken in Three Bridges, United States purchased All Zebrawood + Olive Ash	1	Social Proof	Ken in Three Bridges, United States purchased All Zebrawood + Olive Ash	71	12
1090	Only 3 left in stock	1	Scarcity	Only 3 left in stock	20	5
1671	We only have 5 left!	1	Scarcity	We only have 5 left!	20	5
395	Nah, I like paying full price	1	Misdirection	Nah, I like paying full price	29	6
224	2 people have looked at this in the last couple of hrs.	1	Social Proof	2 people have looked at this in the last couple of hrs.	55	12
27	Real time 30 Visitor right now	1	Social Proof	Real time 30 Visitor right now	30	6
527	Drawstring Backpacks	0	Not Dark Pattern	Drawstring Backpacks	20	2
1197	Please note all products are made in limited quantities and we rarely restock - checkout now so you don't miss out!	1	Scarcity	Please note all products are made in limited quantities and we rarely restock - checkout now so you don't miss out!	115	21
327	No thanks, I don't like getting free stuff.	1	Misdirection	No thanks, I don't like getting free stuff.	43	8
154	THIS PRODUCT HAS BEEN VIEWED 480 TIMES IN THE LAST 48 HOURS	1	Social Proof	THIS PRODUCT HAS BEEN VIEWED 480 TIMES IN THE LAST 48 HOURS	59	12
1521	HURRY! ONLY 2 LEFT!	1	Scarcity	HURRY! ONLY 2 LEFT!	19	4
1482	Less than 7 left!	1	Scarcity	Less than 7 left!	17	4
1662	BOTTLES LEFT 3	1	Scarcity	BOTTLES LEFT 3	14	3
840	Items reserved for 15:00	1	Urgency	Items reserved for 15:00	24	4
1094	ONLY 4 LEFT!	1	Scarcity	ONLY 4 LEFT!	12	3
651	-90% discount if you order within 9:55:44	1	Urgency	-90% discount if you order within 9:55:44	41	7
765	 Latest looks from Myleene Klass Shop now 	0	Not Dark Pattern	Latest looks from Myleene Klass Shop now	40	7
1219	Only 9 left in stock	1	Scarcity	Only 9 left in stock	20	5
1725	ADD FOR BETTER RESULTS	1	Misdirection	ADD FOR BETTER RESULTS	22	4
1293	 Affiliate 	0	Not Dark Pattern	Affiliate	9	1
1044	Auto Delivery Program	0	Not Dark Pattern	Auto Delivery Program	21	3
1818	Save $148.98AUD – 49% Off	1	Misdirection	Save $148.98AUD – 49% Off	25	5
1068	Low Stock – Selling Fast	1	Scarcity	Low Stock – Selling Fast	24	5
290	2 PEOPLE HAVE ADDED THIS ITEM TO THEIR CART TODAY	1	Social Proof	2 PEOPLE HAVE ADDED THIS ITEM TO THEIR CART TODAY	49	10
1120	Only 6 left	1	Scarcity	Only 6 left	11	3
230	Pro Boost Treatments	0	Not Dark Pattern	Pro Boost Treatments	20	3
1469	Baby Nursing & Feeding	0	Not Dark Pattern	Baby Nursing & Feeding	22	4
300	4 bought in the last 24 hours.	1	Social Proof	4 bought in the last 24 hours.	30	7
837	We're offline	0	Not Dark Pattern	We're offline	13	2
268	12 customers viewed this product today!	1	Social Proof	12 customers viewed this product today!	39	6
1317	 Gemstone softwares 	0	Not Dark Pattern	Gemstone softwares	18	2
527	Graphic Tanks	0	Not Dark Pattern	Graphic Tanks	13	2
1470	LOW STOCK (ONLY 10 LEFT!)	1	Scarcity	LOW STOCK (ONLY 10 LEFT!)	25	5
97	JOHN in Toowoomba City, Australia purchased a Resin Tank 7 hours ago	1	Social Proof	JOHN in Toowoomba City, Australia purchased a Resin Tank 7 hours ago	68	12
622	 V-neck Printed Loose Short-sleeved T-shirt 	0	Not Dark Pattern	V-neck Printed Loose Short-sleeved T-shirt	42	5
1061	Limited Time Only · Online Only	1	Urgency	Limited Time Only · Online Only	31	6
1351	 Teething Remedies 	0	Not Dark Pattern	Teething Remedies	17	2
69	Partnerships	0	Not Dark Pattern	Partnerships	12	1
638	Accord remotes	0	Not Dark Pattern	Accord remotes	14	2
20	72 Viewing This Product	1	Social Proof	72 Viewing This Product	23	4
790	Something went wrong. Please try again	0	Not Dark Pattern	Something went wrong. Please try again	38	6
907	 Coloured Pencils 	0	Not Dark Pattern	Coloured Pencils	16	2
1105	Only 1 left in stock!	1	Scarcity	Only 1 left in stock!	21	5
1354	Only 9 units left in stock online.	1	Scarcity	Only 9 units left in stock online.	34	7
1304	Feeding Nightwear	0	Not Dark Pattern	Feeding Nightwear	17	2
993	 Gift Card FAQs 	0	Not Dark Pattern	Gift Card FAQs	14	3
118	Someone in Canberra purchased\nADV.2 (Austracantha) about 41 minutes ago	1	Social Proof	Someone in Canberra purchased\nADV.2 (Austracantha) about 41 minutes ago	72	9
1469	Ducted Vacuum Cleaners	0	Not Dark Pattern	Ducted Vacuum Cleaners	22	3
825	Work Solid Simple Crew Neck Half Sleeve Top	0	Not Dark Pattern	Work Solid Simple Crew Neck Half Sleeve Top	43	8
377	No thank you, I prefer to pay for shipping.	1	Misdirection	No thank you, I prefer to pay for shipping.	43	9
1536	White Plus Size Clothing	0	Not Dark Pattern	White Plus Size Clothing	24	4
452	No thanks, I don't like exclusive offers	1	Misdirection	No thanks, I don't like exclusive offers	40	7
60	273 units sold in the last 30 days	1	Social Proof	273 units sold in the last 30 days	34	8
351	No thanks, I'll just pay full price.	1	Misdirection	No thanks, I'll just pay full price.	36	7
365	No, I'd rather do it the hard way...	1	Misdirection	No, I'd rather do it the hard way...	36	8
1736	User interface customization persistent cookies are used to store a user’s preference regarding a service. Please note that these cookies are exempt from consent.	0	Not Dark Pattern	User interface customization persistent cookies are used to store a user’s preference regarding a service. Please note that these cookies are exempt from consent.	162	24
1779	After getting my jersey on Monday, I am hooked on CoolHockey. I will surely be buying from CoolHockey from now on.	0	Not Dark Pattern	After getting my jersey on Monday, I am hooked on CoolHockey. I will surely be buying from CoolHockey from now on.	114	21
1796	Congratulations! You qualify to receive Rechargeable 10-Function Bullet Vibe for FREE!	1	Misdirection	Congratulations! You qualify to receive Rechargeable 10-Function Bullet Vibe for FREE!	86	11
285	Other 2 customers have it in their cart.	1	Social Proof	Other 2 customers have it in their cart.	40	8
714	Elegant A Line Chiffon V-neck Long Sleeve Bridesmaid Dress with Pleats and Ruching	0	Not Dark Pattern	Elegant A Line Chiffon V-neck Long Sleeve Bridesmaid Dress with Pleats and Ruching	82	13
1009	White Camo Windbreaker - Rock N' Roll	0	Not Dark Pattern	White Camo Windbreaker - Rock N' Roll	37	7
638	xB Remotes	0	Not Dark Pattern	xB Remotes	10	2
212	 Football Boots 	0	Not Dark Pattern	Football Boots	14	2
277	Selling fast! Add to bag 7 times in the last 48 hours.	1	Social Proof	Selling fast! Add to bag 7 times in the last 48 hours.	54	12
1310	Only 2 items left	1	Scarcity	Only 2 items left	17	4
61	Marc in Newton, United States purchasedKTM Stand Plate Large KTM...	1	Social Proof	Marc in Newton, United States purchasedKTM Stand Plate Large KTM...	67	10
279	Sandeep in Hawthorne, California bought Sadie Ponte Pants - Black Just Now	1	Social Proof	Sandeep in Hawthorne, California bought Sadie Ponte Pants - Black Just Now	74	12
1428	Lifestyle / Music	0	Not Dark Pattern	Lifestyle / Music	17	3
1083	Only 1 unit left in stock	1	Scarcity	Only 1 unit left in stock	25	6
1191	LOW IN STOCK!! GET YOURS NOW	1	Scarcity	LOW IN STOCK!! GET YOURS NOW	28	6
240	Laurie in Urraween, Queensland bought No Brainer USB Charging Anti-Theft Backpack	1	Social Proof	Laurie in Urraween, Queensland bought No Brainer USB Charging Anti-Theft Backpack	81	11
1429	High Arches	0	Not Dark Pattern	High Arches	11	2
569	Contract free	0	Not Dark Pattern	Contract free	13	2
220	Someone in Cedarhurst, United States purchased a Sproet and Sprout Shell/Violet Stripe Bloomers	1	Social Proof	Someone in Cedarhurst, United States purchased a Sproet and Sprout Shell/Violet Stripe Bloomers	95	13
598	Your order is prioritized for 13:22 minutes!	1	Urgency	Your order is prioritized for 13:22 minutes!	44	7
361	How Do I Rinse Off My Overnight Hair Oil Treatment?	0	Not Dark Pattern	How Do I Rinse Off My Overnight Hair Oil Treatment?	51	10
1536	Black Jewelry	0	Not Dark Pattern	Black Jewelry	13	2
552	Cart will expire in 08:19 minutes!	1	Urgency	Cart will expire in 08:19 minutes!	34	6
863	Time remaining: 04:50	1	Urgency	Time remaining: 04:50	21	3
684	0:44:56	1	Urgency	0:44:56	7	1
1315	 Watches & Accessories 	0	Not Dark Pattern	Watches & Accessories	21	3
371	No thanks, I don't like free stuff	1	Misdirection	No thanks, I don't like free stuff	34	7
799	DAYS HRS MINS SECS	1	Urgency	DAYS HRS MINS SECS	18	4
982	"Here for a limited time. 4.5"" Red Bottle Sticker w/ Adam's Logo"	1	Urgency	"Here for a limited time. 4.5"" Red Bottle Sticker w/ Adam's Logo"	63	12
1055	Limited time offer.	1	Urgency	Limited time offer.	19	3
1293	3 left	1	Scarcity	3 left	6	2
129	Someone in Faizabad just bought: Pretty Love Penis Sleeve 7 inch an hour 2 minutes ago	1	Social Proof	Someone in Faizabad just bought: Pretty Love Penis Sleeve 7 inch an hour 2 minutes ago	86	16
1025	Limited Time Remaining!	1	Urgency	Limited Time Remaining!	23	3
334	I WANT TO PAY MORE LATER ;)	1	Misdirection	I WANT TO PAY MORE LATER ;)	27	7
1033	Limited Time Only - Up to 30% OFF Freshwater Plants! SHOP NOW >	1	Urgency	Limited Time Only - Up to 30% OFF Freshwater Plants! SHOP NOW >	63	13
1573	Back by Demand	0	Not Dark Pattern	Back by Demand	14	3
1551	ONLY 5 LEFT, HURRY!	1	Scarcity	ONLY 5 LEFT, HURRY!	19	4
259	Functional Cookies	0	Not Dark Pattern	Functional Cookies	18	2
742	Flash Sale ends in SHOP NOW  	1	Urgency	Flash Sale ends in SHOP NOW	27	6
648	 Born for adventures across land, desert, and ice. Cruise over Tarmac-free roads or adapt it to be your 'do anything' commuter. 	0	Not Dark Pattern	Born for adventures across land, desert, and ice. Cruise over Tarmac-free roads or adapt it to be your 'do anything' commuter.	126	21
230	Performance Cookies	0	Not Dark Pattern	Performance Cookies	19	2
837	I am very pleased with the service I received.	0	Not Dark Pattern	I am very pleased with the service I received.	46	9
274	7 customers have this in their basket	1	Social Proof	7 customers have this in their basket	37	7
228	Jacob in Seymour, Wisconsin, United States purchased a Bass XL just now!	1	Social Proof	Jacob in Seymour, Wisconsin, United States purchased a Bass XL just now!	72	12
1690	Hurry! Only 9 left in stock.	1	Scarcity	Hurry! Only 9 left in stock.	28	6
1590	 shop by trend 	0	Not Dark Pattern	shop by trend	13	3
560	13:09:27 HOURS MINUTES SECONDS Sale Ends Once The Timer Hits Zero!	1	Urgency	13:09:27 HOURS MINUTES SECONDS Sale Ends Once The Timer Hits Zero!	66	11
907	Delivery & support	0	Not Dark Pattern	Delivery & support	18	3
803	SHOP TRIATHLON	0	Not Dark Pattern	SHOP TRIATHLON	14	2
1522	The product you requested is not available in the selected country	0	Not Dark Pattern	The product you requested is not available in the selected country	66	11
430	No thanks, I don't like winning	1	Misdirection	No thanks, I don't like winning	31	6
1756	You choose: just one box, or a  Madison Reed Membership?	1	Misdirection	You choose: just one box, or a Madison Reed Membership?	55	10
1446	Baby Cross Stitch & Embroidery Patterns	0	Not Dark Pattern	Baby Cross Stitch & Embroidery Patterns	39	6
638	HHR remotes	0	Not Dark Pattern	HHR remotes	11	2
475	No, I Don't Like Discounts	1	Misdirection	No, I Don't Like Discounts	26	5
983	LIMITED TIME BLOW OUT SALE UP TO 70% OFF! 110% BEST PRICE GUARANTEE!	1	Urgency	LIMITED TIME BLOW OUT SALE UP TO 70% OFF! 110% BEST PRICE GUARANTEE!	68	13
1011	$69.50 For A Limited Time Details	1	Urgency	$69.50 For A Limited Time Details	33	6
991	 Accessibility statement 	0	Not Dark Pattern	Accessibility statement	23	2
1465	Hurry! Only 1 Left In Stock	1	Scarcity	Hurry! Only 1 Left In Stock	27	6
82	2,221 people have purchased this item	1	Social Proof	2,221 people have purchased this item	37	6
392	No, thanks. I'd prefer not to save.	1	Misdirection	No, thanks. I'd prefer not to save.	35	7
555	SAVE $200 OFF PUFFY	1	Urgency	SAVE $200 OFF PUFFY	19	4
1158	 Data Processor Privacy Policy: https://triplelift.com/privacy 	0	Not Dark Pattern	Data Processor Privacy Policy: https://triplelift.com/privacy	61	5
289	Tambria in Hattiesburg just bought Peruvian Virgin Natural Wave Hair 3 Bundles with Lace Frontal, 100% Human Virgin Hair 	1	Social Proof	Tambria in Hattiesburg just bought Peruvian Virgin Natural Wave Hair 3 Bundles with Lace Frontal, 100% Human Virgin Hair	120	19
1196	1 item left	1	Scarcity	1 item left	11	3
1801	Order without free membership $69.95	1	Misdirection	Order without free membership $69.95	36	5
1451	 This product can expose you to chemicals including Hexavalent which is known to the State of California to cause cancer on birth defects or other reproductive harm. For more information, visit 	0	Not Dark Pattern	This product can expose you to chemicals including Hexavalent which is known to the State of California to cause cancer on birth defects or other reproductive harm. For more information, visit	192	31
251	Someone in Vancouver, Washington purchased a Orthofeet Men's Orthotic Insoles about 38 minutes	1	Social Proof	Someone in Vancouver, Washington purchased a Orthofeet Men's Orthotic Insoles about 38 minutes	94	13
1491	Only 5 left!	1	Scarcity	Only 5 left!	12	3
907	 Brushes 	0	Not Dark Pattern	Brushes	7	1
74	Rose in Portland, United States purchased Green Eco-Friendly iPhone XR Case about 54 minutes ago	1	Social Proof	Rose in Portland, United States purchased Green Eco-Friendly iPhone XR Case about 54 minutes ago	96	15
1158	 Data Processor Privacy Policy: https://casalemedia.com/ 	0	Not Dark Pattern	Data Processor Privacy Policy: https://casalemedia.com/	55	5
385	No thanks, I'll still want to pay full price	1	Misdirection	No thanks, I'll still want to pay full price	44	9
1255	Only 3 Left in Stock!	1	Scarcity	Only 3 Left in Stock!	21	5
1026	Limited time - final price reflects extra 29% off	1	Urgency	Limited time - final price reflects extra 29% off	49	9
1687	Hurry! Only 6 left in stock.	1	Scarcity	Hurry! Only 6 left in stock.	28	6
300	 We value your privacy We use cookies to improve your website experience. We also use third-party cookies for marketing purposes. Learn more. 	0	Not Dark Pattern	We value your privacy We use cookies to improve your website experience. We also use third-party cookies for marketing purposes. Learn more.	140	22
1316	 Unstitched Fabric 	0	Not Dark Pattern	Unstitched Fabric	17	2
113	 Polar Lights II 	0	Not Dark Pattern	Polar Lights II	15	3
414	Shop by Health Goals	0	Not Dark Pattern	Shop by Health Goals	20	4
411	No thanks, I'm not interested	1	Misdirection	No thanks, I'm not interested	29	5
1705	Customer also shopped for	1	Misdirection	Customer also shopped for	25	4
1429	Shop Safely And Securely	0	Not Dark Pattern	Shop Safely And Securely	24	4
1158	 powered by: Cookie Information 	0	Not Dark Pattern	powered by: Cookie Information	30	4
1590	Free Shipping & Easy Returns always! 	0	Not Dark Pattern	Free Shipping & Easy Returns always!	36	6
1428	Combination	0	Not Dark Pattern	Combination	11	1
390	No Thanks, I Don't Want To Save	1	Misdirection	No Thanks, I Don't Want To Save	31	7
1552	QUANTITY: *ONLY 1 LEFT	1	Scarcity	QUANTITY: *ONLY 1 LEFT	22	4
273	6 customers have this in their basket	1	Social Proof	6 customers have this in their basket	37	7
108	GCC Compliance	0	Not Dark Pattern	GCC Compliance	14	2
247	 Please try again 	0	Not Dark Pattern	Please try again	16	3
568	How Do Our Crystals Looks in Real Life?	0	Not Dark Pattern	How Do Our Crystals Looks in Real Life?	39	8
408	No thanks, I want to pay full price	1	Misdirection	No thanks, I want to pay full price	35	8
976	commonpandacom@commonpandacom	0	Not Dark Pattern	commonpandacom@commonpandacom	29	1
434	Yes, I Want To Save Money!No Thanks	1	Misdirection	Yes, I Want To Save Money!No Thanks	35	7
716	OFFER ENDS IN: 00:32:04 TIME IS RUNNING OUT!	1	Urgency	OFFER ENDS IN: 00:32:04 TIME IS RUNNING OUT!	44	8
905	ONLY $1.99 FOR YOUR FIRST SIX MONTHS, THEN EACH YEAR YOUR MEMBERSHIP WILL AUTOMATICALLY RENEW FOR $39.99 AND BE CHARGED TO YOUR CREDIT/DEBIT CARD ON FILE. CANCEL YOUR VIP MEMBERSHIP ANY TIME TO RECEIVE A PRORATED REFUND BY CALLING (800) 543-7309. BY SUBMITTING YOUR ORDER, YOU AGREE TO THESE VIP MEMBERSHIP TERMS.	1	Obstruction	ONLY $1.99 FOR YOUR FIRST SIX MONTHS, THEN EACH YEAR YOUR MEMBERSHIP WILL AUTOMATICALLY RENEW FOR $39.99 AND BE CHARGED TO YOUR CREDIT/DEBIT CARD ON FILE. CANCEL YOUR VIP MEMBERSHIP ANY TIME TO RECEIVE A PRORATED REFUND BY CALLING (800) 543-7309. BY SUBMITTING YOUR ORDER, YOU AGREE TO THESE VIP MEMBERSHIP TERMS.	313	52
1360	Only 4 left in this size!	1	Scarcity	Only 4 left in this size!	25	6
1293	You might also like	0	Not Dark Pattern	You might also like	19	4
158	Shop By Fabric	0	Not Dark Pattern	Shop By Fabric	14	3
196	Chirag in Anoopshahr just got the JAYS - a-JAYS One+ about 17 minutes ago	1	Social Proof	Chirag in Anoopshahr just got the JAYS - a-JAYS One+ about 17 minutes ago	73	14
907	 View all Ink categories 	0	Not Dark Pattern	View all Ink categories	23	4
350	 Intercoastal Performance Pant - True Navy 	0	Not Dark Pattern	Intercoastal Performance Pant - True Navy	41	6
405	NO THANKS, I DON’T WANT 15% OFF	1	Misdirection	NO THANKS, I DON’T WANT 15% OFF	31	7
1469	Bike Parts & Components	0	Not Dark Pattern	Bike Parts & Components	23	4
217	🔥👁️ 1 person is viewing this.	1	Social Proof	🔥👁️ 1 person is viewing this.	29	6
66	Estimated VAT overview	0	Not Dark Pattern	Estimated VAT overview	22	3
1451	 Your company account is blocked and you cannot place orders. If you have questions, please contact your company administrator. 	0	Not Dark Pattern	Your company account is blocked and you cannot place orders. If you have questions, please contact your company administrator.	126	19
1469	Hand & Foot Skin Care	0	Not Dark Pattern	Hand & Foot Skin Care	21	5
1469	 Best Deals of the Month: April Edition 	0	Not Dark Pattern	Best Deals of the Month: April Edition	38	7
1682	Hurry up! Only 4 left in stock	1	Scarcity	Hurry up! Only 4 left in stock	30	7
158	Accent Chairs	0	Not Dark Pattern	Accent Chairs	13	2
471	No thanks, I don't like to save	1	Misdirection	No thanks, I don't like to save	31	7
782	 Subscribe To Us Subscribe 	0	Not Dark Pattern	Subscribe To Us Subscribe	25	4
1738	Customers also bought	1	Misdirection	Customers also bought	21	3
233	407 customers have viewed this item recently	1	Social Proof	407 customers have viewed this item recently	44	7
1625	Only 1 item(s) left in stock	1	Scarcity	Only 1 item(s) left in stock	28	6
1317	 Kyanite Beads 	0	Not Dark Pattern	Kyanite Beads	13	2
370	No, I don't want great deals.	1	Misdirection	No, I don't want great deals.	29	6
1313	I have a strong liking to walnut. Even the sapwood can look very presentable when finished good. Thus cutting board is a great item for use and conversation and looks good. 	0	Not Dark Pattern	I have a strong liking to walnut. Even the sapwood can look very presentable when finished good. Thus cutting board is a great item for use and conversation and looks good.	172	31
833	Holland Cooper	0	Not Dark Pattern	Holland Cooper	14	2
803	Recovery Best Sellers	0	Not Dark Pattern	Recovery Best Sellers	21	3
198	Viewed 1040 times in the last 7 days	1	Social Proof	Viewed 1040 times in the last 7 days	36	8
861	U.S. Vape Mail Ban FAQs	0	Not Dark Pattern	U.S. Vape Mail Ban FAQs	23	5
1272	異業合作 Cooperation	0	Not Dark Pattern	異業合作 Cooperation	16	2
184	6 people have looked at this in the last few hrs.	1	Social Proof	6 people have looked at this in the last few hrs.	49	11
1728	Limited-time Offer: Bundle a base and get 20% off	1	Misdirection	Limited-time Offer: Bundle a base and get 20% off	49	9
1536	Sale Womens Clothing	0	Not Dark Pattern	Sale Womens Clothing	20	3
1815	Why I chose this:	0	Not Dark Pattern	Why I chose this:	17	4
1811	TWO FREE PILLOWS AND 30% OFF WITH PROMO CODE	1	Misdirection	TWO FREE PILLOWS AND 30% OFF WITH PROMO CODE	44	9
203	View Alternatives	0	Not Dark Pattern	View Alternatives	17	2
491	11 11 Hours: 00 22 Minutes: 3223 3223 Seconds Sale Ends Once The Timer Hits Zero!	1	Urgency	11 11 Hours: 00 22 Minutes: 3223 3223 Seconds Sale Ends Once The Timer Hits Zero!	81	16
886	Security is our top priority. Our subscription payments are powered by Stripe and ReCharge, processed in a secure PCI-compliant environment to the highest industry standards. Ketolent staff never know your credit card number.	0	Not Dark Pattern	Security is our top priority. Our subscription payments are powered by Stripe and ReCharge, processed in a secure PCI-compliant environment to the highest industry standards. Ketolent staff never know your credit card number.	225	33
44	Jim in Houston, USA purchased Pure Ratios: Hemp Oil CBD Patch (40mg CBD)	1	Social Proof	Jim in Houston, USA purchased Pure Ratios: Hemp Oil CBD Patch (40mg CBD)	72	13
1621	Only 22 left in stock!	1	Scarcity	Only 22 left in stock!	22	5
1710	ADD WORLD'S MOST COMFORTABLE CHAIRS	1	Misdirection	ADD WORLD'S MOST COMFORTABLE CHAIRS	35	5
1344	ONLY 3 LEFT IN STOCK!	1	Scarcity	ONLY 3 LEFT IN STOCK!	21	5
976	Watch how its done	0	Not Dark Pattern	Watch how its done	18	4
907	 View all Oil & Acrylic Brushes categories 	0	Not Dark Pattern	View all Oil & Acrylic Brushes categories	41	7
414	Get Personalised Health PlanGet Health Plan	0	Not Dark Pattern	Get Personalised Health PlanGet Health Plan	43	6
201	Someone in Louisville Kentucky United States Purchased Gold Presidential Bracelet With Watch Buckle 9 hours ago	1	Social Proof	Someone in Louisville Kentucky United States Purchased Gold Presidential Bracelet With Watch Buckle 9 hours ago	111	16
1167	LESS THAN 5 LEFT!	1	Scarcity	LESS THAN 5 LEFT!	17	4
1759	[new-troh-pick]	0	Not Dark Pattern	[new-troh-pick]	15	1
4	ADHD Friendly Profile: this profile significantly reduces distractions and noise to help people with ADHD, and Neurodevelopmental disorders browse, read, and focus on the essential elements more easily.	0	Not Dark Pattern	ADHD Friendly Profile: this profile significantly reduces distractions and noise to help people with ADHD, and Neurodevelopmental disorders browse, read, and focus on the essential elements more easily.	202	28
209	Long and Tall	0	Not Dark Pattern	Long and Tall	13	3
1815	This offer is only VALID if you add to cart now!	1	Misdirection	This offer is only VALID if you add to cart now!	48	11
133	Sign up for the latest updates, products and offers	0	Not Dark Pattern	Sign up for the latest updates, products and offers	51	9
573	Subscribing means you agree to receive our emails, more details please refer to ourprivacy policy.	0	Not Dark Pattern	Subscribing means you agree to receive our emails, more details please refer to ourprivacy policy.	98	15
984	 Shop Sale by Print 	0	Not Dark Pattern	Shop Sale by Print	18	4
985	Flash Sale Alert! You can now buy Utorch Corridor Porch Aisle Lights from Gearbest.com for only $7.99 (47% off). Hurry up, limited time offer!	1	Urgency	Flash Sale Alert! You can now buy Utorch Corridor Porch Aisle Lights from Gearbest.com for only $7.99 (47% off). Hurry up, limited time offer!	142	24
1381	Only 9 left	1	Scarcity	Only 9 left	11	3
966	Our items sell fast, don't miss out!	1	Scarcity	Our items sell fast, don't miss out!	36	7
815	Your order has been reserved for	1	Urgency	Your order has been reserved for	32	6
980	Sale ends soon	1	Urgency	Sale ends soon	14	3
1475	only 5 left in stock	1	Scarcity	only 5 left in stock	20	5
253	135 people have this in their cart	1	Social Proof	135 people have this in their cart	34	7
1139	The Hoop Destination. Discover more	0	Not Dark Pattern	The Hoop Destination. Discover more	35	5
1343	Tight Bud	0	Not Dark Pattern	Tight Bud	9	2
138	6 other people looking at this item	1	Social Proof	6 other people looking at this item	35	7
1646	selected language日本語currencyJPY	0	Not Dark Pattern	selected language日本語currencyJPY	31	2
919	Great choice!	0	Not Dark Pattern	Great choice!	13	2
1092	Only 1 items left	1	Scarcity	Only 1 items left	17	4
1741	Would you like to purchase an Extended Protection Plan?	1	Misdirection	Would you like to purchase an Extended Protection Plan?	55	9
1685	ONLY 14 LEFT AT THIS PRICE	1	Scarcity	ONLY 14 LEFT AT THIS PRICE	26	6
993	Not sold separately	0	Not Dark Pattern	Not sold separately	19	3
88	16 recently purchased it.	1	Social Proof	16 recently purchased it.	25	4
1536	Plus Size Ripped Jeans	0	Not Dark Pattern	Plus Size Ripped Jeans	22	4
1083	 Redirecting to Futech Deals for secure checkout... 	0	Not Dark Pattern	Redirecting to Futech Deals for secure checkout...	50	7
209	Football	0	Not Dark Pattern	Football	8	1
1604	 All Men's Brands 	0	Not Dark Pattern	All Men's Brands	16	3
128	*Freight/Higher Freight charges may apply to some areas. Click here to view Shipping Policy	0	Not Dark Pattern	*Freight/Higher Freight charges may apply to some areas. Click here to view Shipping Policy	91	14
1304	Long Sleeves Nightwear	0	Not Dark Pattern	Long Sleeves Nightwear	22	3
2	Faith in Glendale, United States purchased a Choose Your Flavors 5 Bag Sample Pack (Whole Bean) about 1 hour ago	1	Social Proof	Faith in Glendale, United States purchased a Choose Your Flavors 5 Bag Sample Pack (Whole Bean) about 1 hour ago	112	20
527	 Hairy Chest T-Shirt And Shorts Combo 	0	Not Dark Pattern	Hairy Chest T-Shirt And Shorts Combo	36	6
230	Covered all grays	0	Not Dark Pattern	Covered all grays	17	3
190	7 sold in the last 48 hours	1	Social Proof	7 sold in the last 48 hours	27	7
108	 Menthol Flavors 	0	Not Dark Pattern	Menthol Flavors	15	2
113	Someone in Alexandria, United States just bought TTDeye Queen Green Colored Contact Lenses	1	Social Proof	Someone in Alexandria, United States just bought TTDeye Queen Green Colored Contact Lenses	90	13
593	FLASH 19:15:22	1	Urgency	FLASH 19:15:22	14	2
996	Only available for a LIMITED TIME, so get yours TODAY!	1	Urgency	Only available for a LIMITED TIME, so get yours TODAY!	54	10
1476	2 in stock	1	Scarcity	2 in stock	10	3
1459	Oxfords & Loafers	0	Not Dark Pattern	Oxfords & Loafers	17	3
1080	Only 9 items left!	1	Scarcity	Only 9 items left!	18	4
822	Reloading & Ammunition	0	Not Dark Pattern	Reloading & Ammunition	22	3
26	Someone purchased a FORWARD REVIVE WOMEN'S RED WHITE HUSTLE T-SHIRT 32 minutes ago	1	Social Proof	Someone purchased a FORWARD REVIVE WOMEN'S RED WHITE HUSTLE T-SHIRT 32 minutes ago	82	13
185	Joe M from , Bought a Cartoon Caterpillar Rigged 3D Model Recently	1	Social Proof	Joe M from , Bought a Cartoon Caterpillar Rigged 3D Model Recently	66	12
23	Annie in Cheras, Malaysia just bought: An Abundance of Flowers - Van-Go Paint-By-Number Kit	1	Social Proof	Annie in Cheras, Malaysia just bought: An Abundance of Flowers - Van-Go Paint-By-Number Kit	91	14
212	Read More 	0	Not Dark Pattern	Read More	9	2
886	Ketolent subscriptions have no long term contracts. Pause, cancel, or change at any time. Want to swap Vanilla for Chocolate, or set up to renew every 3 weeks? No problem! Send us an email to help@ketolent.com and we'll make the change for you.	1	Obstruction	Ketolent subscriptions have no long term contracts. Pause, cancel, or change at any time. Want to swap Vanilla for Chocolate, or set up to renew every 3 weeks? No problem! Send us an email to help@ketolent.com and we'll make the change for you.	244	43
977	Selling Fast	1	Scarcity	Selling Fast	12	2
388	NO THANKS, I'D RATHER PAY FULL PRICE	1	Misdirection	NO THANKS, I'D RATHER PAY FULL PRICE	36	7
1026	 Stone Cold Steve Austin 	0	Not Dark Pattern	Stone Cold Steve Austin	23	4
247	92 customers bought this in the last 48 hours	1	Social Proof	92 customers bought this in the last 48 hours	45	9
933	An item you ordered is in high demand. No worries, we have reserved your order.	1	Scarcity	An item you ordered is in high demand. No worries, we have reserved your order.	79	15
1466	Click and Collect T&C	0	Not Dark Pattern	Click and Collect T&C	21	4
311	Someone added 1pc 4ocean natural stone beads beaded bracelet men boho handmade to their cart RIGHT NOW	1	Social Proof	Someone added 1pc 4ocean natural stone beads beaded bracelet men boho handmade to their cart RIGHT NOW	102	17
1062	LIMITED TIME ONLY 10 OFF 50 SPEND NEW CUSTOMERS ONLY - TERMS & CONDITIONS APPLY	1	Urgency	LIMITED TIME ONLY 10 OFF 50 SPEND NEW CUSTOMERS ONLY - TERMS & CONDITIONS APPLY	79	15
1343	Different Types of Gold	0	Not Dark Pattern	Different Types of Gold	23	4
1697	HURRY! ONLY 14 LEFT IN STOCK.	1	Scarcity	HURRY! ONLY 14 LEFT IN STOCK.	29	6
919	The best!	0	Not Dark Pattern	The best!	9	2
1200	HURRY, THERE ARE ONLY 9 ITEM(S) LEFT!	1	Scarcity	HURRY, THERE ARE ONLY 9 ITEM(S) LEFT!	37	7
216	 Tracksuit	0	Not Dark Pattern	Tracksuit	9	1
50	Trending Style! Sold 4 times today	1	Social Proof	Trending Style! Sold 4 times today	34	6
573	Long African American Wigs	0	Not Dark Pattern	Long African American Wigs	26	4
1529	Only one left in stock - order soon!	1	Scarcity	Only one left in stock - order soon!	36	8
1525	Hurry, only 1 left in stock!	1	Scarcity	Hurry, only 1 left in stock!	28	6
226	Trending now! Added to basket 490 times today	1	Social Proof	Trending now! Added to basket 490 times today	45	8
1536	Almost Famous Jeans	0	Not Dark Pattern	Almost Famous Jeans	19	3
367	No Thanks, I Don't Like Saving Money.	1	Misdirection	No Thanks, I Don't Like Saving Money.	37	7
1730	Professional Color Tool Kit / Addons	1	Misdirection	Professional Color Tool Kit / Addons	36	6
1149	 Tweet Share Pin It Add Email 	0	Not Dark Pattern	Tweet Share Pin It Add Email	28	6
1459	 Tights 	0	Not Dark Pattern	Tights	6	1
1275	Only 5 left	1	Scarcity	Only 5 left	11	3
1648	Wireless Microphone	0	Not Dark Pattern	Wireless Microphone	19	2
1088	Only 15 left in stock	1	Scarcity	Only 15 left in stock	21	5
1108	Limited Quantity	1	Scarcity	Limited Quantity	16	2
573	Cap Construction	0	Not Dark Pattern	Cap Construction	16	2
837	 Need Help Finding The Right Product? 	0	Not Dark Pattern	Need Help Finding The Right Product?	36	6
1304	Body Washes	0	Not Dark Pattern	Body Washes	11	2
1367	ONLY 2 LEFT	1	Scarcity	ONLY 2 LEFT	11	3
77	Matthew in Charleston, South Carolina just purchased The Puffy Lux Mattress	1	Social Proof	Matthew in Charleston, South Carolina just purchased The Puffy Lux Mattress	75	11
1215	LIVE REMAINING STOCK	1	Scarcity	LIVE REMAINING STOCK	20	3
767	Brand: NFL Pro Line by Fanatics Branded	0	Not Dark Pattern	Brand: NFL Pro Line by Fanatics Branded	39	7
104	339 users are currently active on our website	1	Social Proof	339 users are currently active on our website	45	8
595	Please Order Within: 0 0 : 0 2 : 4 1 : 10 65	1	Urgency	Please Order Within: 0 0 : 0 2 : 4 1 : 10 65	44	14
1536	Baby Boy Jumpsuits and Rompers	0	Not Dark Pattern	Baby Boy Jumpsuits and Rompers	30	5
378	Nah, I'll pay full price	1	Misdirection	Nah, I'll pay full price	24	5
230	Like many websites, we share certain information, such as your IP address, device ID or similar online identifier, with certain third parties, such as social networks and advertising networks. This information is used to personalize advertising you see after you’ve visited our website. The California Consumer Privacy Act (“CCPA”) considers our sharing of that information in this manner to be a “sale.”For more information about the First and Third Party Cookies used please follow this link.	0	Not Dark Pattern	Like many websites, we share certain information, such as your IP address, device ID or similar online identifier, with certain third parties, such as social networks and advertising networks. This information is used to personalize advertising you see after you’ve visited our website. The California Consumer Privacy Act (“CCPA”) considers our sharing of that information in this manner to be a “sale.”For more information about the First and Third Party Cookies used please follow this link.	494	76
203	Choose which store you would like to visit	0	Not Dark Pattern	Choose which store you would like to visit	42	8
895	You may cancel or renew your membership to the VIP Program or find out more information about your VIP Program subscription, including your annual expiration date, by contacting support@grove.co.	1	Obstruction	You may cancel or renew your membership to the VIP Program or find out more information about your VIP Program subscription, including your annual expiration date, by contacting support@grove.co.	195	29
460	No Thanks, I like paying full price.	1	Misdirection	No Thanks, I like paying full price.	36	7
102	Popular Item! 🔥 16 people are viewing this and 18 recently purchased it.	1	Social Proof	Popular Item! 🔥 16 people are viewing this and 18 recently purchased it.	72	13
210	Ida in Tangerang Selatan, Indonesia purchased Iseya VG10 G-Series 33 layer Damascus Japanese Chef's Santoku Knife , 180mm about 1 hour ago	1	Social Proof	Ida in Tangerang Selatan, Indonesia purchased Iseya VG10 G-Series 33 layer Damascus Japanese Chef's Santoku Knife , 180mm about 1 hour ago	138	22
1169	3 items left	1	Scarcity	3 items left	12	3
1208	ONLY 52 items left in stock!	1	Scarcity	ONLY 52 items left in stock!	28	6
1304	Cracked Nipples	0	Not Dark Pattern	Cracked Nipples	15	2
1075	Only 2 left in stock	1	Scarcity	Only 2 left in stock	20	5
69	Fave x GrabPay	0	Not Dark Pattern	Fave x GrabPay	14	3
348	No thanks, I'll pay full price!	1	Misdirection	No thanks, I'll pay full price!	31	6
889	If you wish to cancel a membership, please contact our Customer Services Department on UK: +44 808 164 8264 (standard local call charges will apply) or via email on customer.service@beautypie.com. You can also contact the Customer Services Department by post at: Beauty Pie Limited, Customer Service Department, The Point, 210 New Kings Road, London SW6 5NZ, United Kingdom. Please quote your order number in all correspondence.	1	Obstruction	If you wish to cancel a membership, please contact our Customer Services Department on UK: +44 808 164 8264 (standard local call charges will apply) or via email on customer.service@beautypie.com. You can also contact the Customer Services Department by post at: Beauty Pie Limited, Customer Service Department, The Point, 210 New Kings Road, London SW6 5NZ, United Kingdom. Please quote your order number in all correspondence.	428	66
1630	Only 4 left In Stock	1	Scarcity	Only 4 left In Stock	20	5
1736	 Flex Mount 	0	Not Dark Pattern	Flex Mount	10	2
265	2,229 people have viewed this item	1	Social Proof	2,229 people have viewed this item	34	6
221	Someone in Castle Hill bought a Philips Essential LED Downlight Kit | 5W 4000K few hours ago.	1	Social Proof	Someone in Castle Hill bought a Philips Essential LED Downlight Kit | 5W 4000K few hours ago.	93	17
1702	FOR THE ULTIMATE EXPERIENCE: (Can select more than one)	1	Misdirection	FOR THE ULTIMATE EXPERIENCE: (Can select more than one)	55	9
247	 Related Categories 	0	Not Dark Pattern	Related Categories	18	2
1333	from France	0	Not Dark Pattern	from France	11	2
177	308 viewed per day	1	Social Proof	308 viewed per day	18	4
246	Mom & Baby	0	Not Dark Pattern	Mom & Baby	10	3
182	This is in 5 other carts.	1	Social Proof	This is in 5 other carts.	25	6
1036	STOCK IS GUARANTEED FOR 60 MINUTES	1	Urgency	STOCK IS GUARANTEED FOR 60 MINUTES	34	6
1067	Please add products to see your site in action	0	Not Dark Pattern	Please add products to see your site in action	46	9
822	BSA FAC Air Rifles	0	Not Dark Pattern	BSA FAC Air Rifles	18	4
1127	Only 2 units left!	1	Scarcity	Only 2 units left!	18	4
1653	style to command	0	Not Dark Pattern	style to command	16	3
1181	Only 5 left in stock	1	Scarcity	Only 5 left in stock	20	5
1003	LIMITED TIME: FREE SHIPPING LOWERED TO ORDERS OVER $69.95!	1	Urgency	LIMITED TIME: FREE SHIPPING LOWERED TO ORDERS OVER $69.95!	58	9
767	sweatshirts	0	Not Dark Pattern	sweatshirts	11	1
1019	On Sale! Limited Time Offer!	1	Urgency	On Sale! Limited Time Offer!	28	5
100	Sierra in Cypress, California bought Beauty In All Dress, Dusty Blue about 46 minutes ago	1	Social Proof	Sierra in Cypress, California bought Beauty In All Dress, Dusty Blue about 46 minutes ago	89	15
622	 Ladies Flower Print Casual Fashion Dress 	0	Not Dark Pattern	Ladies Flower Print Casual Fashion Dress	40	6
1793	"If you click continue below we will be happy to tell you about discounts, money off and new products from Very by e-mail and text,
unless you tell us you DO NOT want to hear about them, by ticking here.
If you would like to receive offers from carefully selected 3rd parties, please tick here"	1	Misdirection	If you click continue below we will be happy to tell you about discounts, money off and new products from Very by e-mail and text, unless you tell us you DO NOT want to hear about them, by ticking here. If you would like to receive offers from carefully selected 3rd parties, please tick here	292	55
1469	Bath Bombs & Salts	0	Not Dark Pattern	Bath Bombs & Salts	18	4
133	Wall art	0	Not Dark Pattern	Wall art	8	2
1459	Bath Decor	0	Not Dark Pattern	Bath Decor	10	2
5	Free Shipping	0	Not Dark Pattern	Free Shipping	13	2
1466	Household	0	Not Dark Pattern	Household	9	1
951	An item you ordered is in high demand. No worries, we have prioritized your order.	1	Scarcity	An item you ordered is in high demand. No worries, we have prioritized your order.	82	15
659	60% OFF ENDS IN DAYS HOURS MINUTES SECONDS	1	Urgency	60% OFF ENDS IN DAYS HOURS MINUTES SECONDS	42	8
1009	Keep up with crankbrothers	0	Not Dark Pattern	Keep up with crankbrothers	26	4
714	Casual Sheath Chiffon Sequins Straps V-neck Sleeveless Bridesmaid Dress	0	Not Dark Pattern	Casual Sheath Chiffon Sequins Straps V-neck Sleeveless Bridesmaid Dress	71	9
479	No thanks, I don't like savings	1	Misdirection	No thanks, I don't like savings	31	6
264	We use cookies to give you the best experience possible. No personal information is stored. Using this website means that you are ok with this cookie policy.	0	Not Dark Pattern	We use cookies to give you the best experience possible. No personal information is stored. Using this website means that you are ok with this cookie policy.	157	27
33	218 people have added this item to cart	1	Social Proof	218 people have added this item to cart	39	8
1448	QUICK! ONLY 1 LEFT IN STOCK	1	Scarcity	QUICK! ONLY 1 LEFT IN STOCK	27	6
1212	Only 1 Left !	1	Scarcity	Only 1 Left !	13	4
1489	 Port, Sherry & Sweet Wine 	0	Not Dark Pattern	Port, Sherry & Sweet Wine	25	5
383	No thanks, I prefer to pay more for shoes!	1	Misdirection	No thanks, I prefer to pay more for shoes!	42	9
1451	Engine Cooling System	0	Not Dark Pattern	Engine Cooling System	21	3
1254	ONLY 5 LEFT	1	Scarcity	ONLY 5 LEFT	11	3
1158	How/why the homepage uses cookies	0	Not Dark Pattern	How/why the homepage uses cookies	33	5
247	 mens long sleeve organic shirt 	0	Not Dark Pattern	mens long sleeve organic shirt	30	5
1590	These cookies are usually set by our marketing and advertising partners. They may be used by them to build a profile of your interest and later show you relevant ads. If you do not allow these cookies you will not experience targeted ads for your interests.	0	Not Dark Pattern	These cookies are usually set by our marketing and advertising partners. They may be used by them to build a profile of your interest and later show you relevant ads. If you do not allow these cookies you will not experience targeted ads for your interests.	257	46
1060	20% OFF VALENTINE\u2019S DAY FAVOURITES * | LIMITED TIME ONLY	1	Urgency	20% OFF VALENTINE\u2019S DAY FAVOURITES * | LIMITED TIME ONLY	61	10
1196	 EDC-V Megalodon Bottle Opener - Brass (Exclusive)	0	Not Dark Pattern	EDC-V Megalodon Bottle Opener - Brass (Exclusive)	49	7
1107	Availability: Low in stock today	1	Scarcity	Availability: Low in stock today	32	5
1736	NO THANKS	1	Misdirection	NO THANKS	9	2
713	 Motocross Gloves 	0	Not Dark Pattern	Motocross Gloves	16	2
85	Popular item! 🔥 27 people recently purchased this.	1	Social Proof	Popular item! 🔥 27 people recently purchased this.	50	8
66	 All consumers in the EU are charged VAT on the purchase of goods and services.	0	Not Dark Pattern	All consumers in the EU are charged VAT on the purchase of goods and services.	78	15
103	105 pawrents are buying for their furkids now!	1	Social Proof	105 pawrents are buying for their furkids now!	46	8
1798	Compare at	1	Misdirection	Compare at	10	2
1155	*Only 2 left in stock. Don't miss out!	1	Scarcity	*Only 2 left in stock. Don't miss out!	38	8
1317	 No reviews yet Write a review 	0	Not Dark Pattern	No reviews yet Write a review	29	6
782	 Continue with Facebook Continue with Google 	0	Not Dark Pattern	Continue with Facebook Continue with Google	43	6
787	 TERMS OF SALE 	0	Not Dark Pattern	TERMS OF SALE	13	3
349	NO THANKS, I DON'T WANT TO SAVE MONEY	1	Misdirection	NO THANKS, I DON'T WANT TO SAVE MONEY	37	8
787	Back Yard & Spa	0	Not Dark Pattern	Back Yard & Spa	15	4
1403	Low Stock! Only 3 left.	1	Scarcity	Low Stock! Only 3 left.	23	5
1736	 PopGrip Antimicrobial Refine by Product Type: PopGrip Antimicrobial 	0	Not Dark Pattern	PopGrip Antimicrobial Refine by Product Type: PopGrip Antimicrobial	67	8
814	 Customer Support 	0	Not Dark Pattern	Customer Support	16	2
1047	25% OFF SELECTED JACKETS Limited Time	1	Urgency	25% OFF SELECTED JACKETS Limited Time	37	6
67	117 people have viewed this item in the last 7 days.	1	Social Proof	117 people have viewed this item in the last 7 days.	52	11
305	41 people have looked at this in the last couple of hours	1	Social Proof	41 people have looked at this in the last couple of hours	57	12
1440	Only 1 left in stock! Order soon!	1	Scarcity	Only 1 left in stock! Order soon!	33	7
822	New Rifles	0	Not Dark Pattern	New Rifles	10	2
1007	Limited Time Promo $194.00	1	Urgency	Limited Time Promo $194.00	26	4
822	Nightforce New Year Clearance	0	Not Dark Pattern	Nightforce New Year Clearance	29	4
1771	SUPPORT THE AMERICAN SUPRESSOR ASSOCIATION	1	Sneaking	SUPPORT THE AMERICAN SUPRESSOR ASSOCIATION	42	5
1313	Custom Board Quote	0	Not Dark Pattern	Custom Board Quote	18	3
1328	 Charity Collection 	0	Not Dark Pattern	Charity Collection	18	2
170	James from Colonia purchased a	1	Social Proof	James from Colonia purchased a	30	5
1814	$132.90 $99.00	1	Misdirection	$132.90 $99.00	14	2
350	Graphic T-Shirts	0	Not Dark Pattern	Graphic T-Shirts	16	2
534	 Landofcoder can power almost ANY marketplace you think of	0	Not Dark Pattern	Landofcoder can power almost ANY marketplace you think of	57	9
353	I always order from them! Such good quality for the price you pay! Will always be back!	0	Not Dark Pattern	I always order from them! Such good quality for the price you pay! Will always be back!	87	17
230	I have not had my hair so soft and shiny in such a long time and my grey was completely covered! So incredibly happy.	0	Not Dark Pattern	I have not had my hair so soft and shiny in such a long time and my grey was completely covered! So incredibly happy.	117	24
688	 Excellent service all round 	0	Not Dark Pattern	Excellent service all round	27	4
216	View all	0	Not Dark Pattern	View all	8	2
1272	 韓國香氛 Cosmic Mansion 	0	Not Dark Pattern	韓國香氛 Cosmic Mansion	19	3
1304	Nighty For Honeymoon	0	Not Dark Pattern	Nighty For Honeymoon	20	3
1282	HURRY, ONLY 1 LEFT!	1	Scarcity	HURRY, ONLY 1 LEFT!	19	4
664	Shop All Vape Kits	0	Not Dark Pattern	Shop All Vape Kits	18	4
212	 Shoe Care 	0	Not Dark Pattern	Shoe Care	9	2
482	No thanks, I don't want to save up to 75%	1	Misdirection	No thanks, I don't want to save up to 75%	41	10
101	Tristan in Markham, Canada purchased a Dragon Baseball Jersey	1	Social Proof	Tristan in Markham, Canada purchased a Dragon Baseball Jersey	61	9
1343	THE SET INCLUDES:	0	Not Dark Pattern	THE SET INCLUDES:	17	3
1405	 Short	0	Not Dark Pattern	Short	5	1
1602	7 left in stock	1	Scarcity	7 left in stock	15	4
927	Be part of the best family ever & enjoy 15% in VIP Benefits on every order, every day. That's 10% Instant Savings plus 5% back in Rewards Cash on everything. Plus, enjoy 90 days to test run your shoes, socks, and insoles. And so much more! Join today for just $1.99 your first year.  	1	Sneaking	Be part of the best family ever & enjoy 15% in VIP Benefits on every order, every day. That's 10% Instant Savings plus 5% back in Rewards Cash on everything. Plus, enjoy 90 days to test run your shoes, socks, and insoles. And so much more! Join today for just $1.99 your first year.	282	54
254	Add to Wish List(13 People Have Added)	1	Social Proof	Add to Wish List(13 People Have Added)	38	7
1536	Womens Plaid Clothing	0	Not Dark Pattern	Womens Plaid Clothing	21	3
1446	Embossing Powder	0	Not Dark Pattern	Embossing Powder	16	2
372	No thanks, I want to pay the full price.	1	Misdirection	No thanks, I want to pay the full price.	40	9
1274	Only 1 item left!	1	Scarcity	Only 1 item left!	17	4
70	Mounif in Pittsburgh, United States purchased	1	Social Proof	Mounif in Pittsburgh, United States purchased	45	6
826	Your order is reserved for 09:43 minutes!	1	Urgency	Your order is reserved for 09:43 minutes!	41	7
1343	Platinum-Dipped Rose	0	Not Dark Pattern	Platinum-Dipped Rose	20	2
1492	5 LEFT	1	Scarcity	5 LEFT	6	2
338	No thanks, I prefer to pay full price.	1	Misdirection	No thanks, I prefer to pay full price.	38	8
1065	Rs 4,013 (Retail Discount) + Rs 2,997 (Limited Time Coupon)	1	Urgency	Rs 4,013 (Retail Discount) + Rs 2,997 (Limited Time Coupon)	59	10
622	 Fashion Short Sleeve Crew Neck Print Dress 	0	Not Dark Pattern	Fashion Short Sleeve Crew Neck Print Dress	42	7
1086	We have 1 left in stock	1	Scarcity	We have 1 left in stock	23	6
150	12 recently purchased it.	1	Social Proof	12 recently purchased it.	25	4
680	 Wife 	0	Not Dark Pattern	Wife	4	1
1784	By signing up via text, you agree to receive recurring automated promotional and personalized marketing text messages from SPANX®. Msg & data rates apply. View Terms of Use & Privacy Policy.	0	Not Dark Pattern	By signing up via text, you agree to receive recurring automated promotional and personalized marketing text messages from SPANX®. Msg & data rates apply. View Terms of Use & Privacy Policy.	190	31
512	0 DAYS22 HOURS13 MINUTES21 SECONDS 	1	Urgency	0 DAYS22 HOURS13 MINUTES21 SECONDS	34	5
1044	 Articles: Medical Matters 	0	Not Dark Pattern	Articles: Medical Matters	25	3
1371	Only 5 left , In Stock	1	Scarcity	Only 5 left , In Stock	22	6
7	Jamie from Eloy United States purchased a CBD Oil Vape Additives 4 Pack About 7 hours ago	1	Social Proof	Jamie from Eloy United States purchased a CBD Oil Vape Additives 4 Pack About 7 hours ago	89	17
219	251 people are viewing this right now	1	Social Proof	251 people are viewing this right now	37	7
833	All Girls Clothing	0	Not Dark Pattern	All Girls Clothing	18	3
1026	Join the Team	0	Not Dark Pattern	Join the Team	13	3
1083	Vintage Fancy Red Bracelet Watch Women's	0	Not Dark Pattern	Vintage Fancy Red Bracelet Watch Women's	40	6
1534	HURRY ONLY 1 ITEM LEFT!	1	Scarcity	HURRY ONLY 1 ITEM LEFT!	23	5
568	What Are Healing Crystals?	0	Not Dark Pattern	What Are Healing Crystals?	26	4
49	404 Orders	1	Social Proof	404 Orders	10	2
1550	Carpet Python Vivariums	0	Not Dark Pattern	Carpet Python Vivariums	23	3
483	50% OFF Everything (yep, even sale) + $5.99 Shipping* ENDS IN 12h 13m 56s	1	Urgency	50% OFF Everything (yep, even sale) + $5.99 Shipping* ENDS IN 12h 13m 56s	73	14
45	Tyler in Norwalk, United States purchased a	1	Social Proof	Tyler in Norwalk, United States purchased a	43	7
244	Someone in Pittsworth bought a Ultimate COLT Anal Training Kit 2 hours ago	1	Social Proof	Someone in Pittsworth bought a Ultimate COLT Anal Training Kit 2 hours ago	74	13
205	#6 Bestseller in Rugs This item was viewed 92 times in the last day.	1	Social Proof	#6 Bestseller in Rugs This item was viewed 92 times in the last day.	68	14
310	Someone in Shelby twp, United States just bought Galaxy Note 8 10000mAh ZeroShock Battery Case 3 days ago	1	Social Proof	Someone in Shelby twp, United States just bought Galaxy Note 8 10000mAh ZeroShock Battery Case 3 days ago	105	18
350	Charleston 	0	Not Dark Pattern	Charleston	10	1
776	Power Button Covers	0	Not Dark Pattern	Power Button Covers	19	3
1342	(Only 1 left!)	1	Scarcity	(Only 1 left!)	14	3
217	Discreet packaging	0	Not Dark Pattern	Discreet packaging	18	2
911	How do I cancel my membership? We are confident you will enjoy your Premium Membership. If for any reason you are not completely satisfied within the first 30 days of your paid Annual Membership, we will refund 100% of your membership fee no questions asked. After 30 days we will refund your membership fee on a pro-rated basis. There are no refunds on Monthly Memberships. To obtain a refund, please contact us at 1-855-253-0822 or by email at wwgoasubscription@program-director.net.	1	Obstruction	How do I cancel my membership? We are confident you will enjoy your Premium Membership. If for any reason you are not completely satisfied within the first 30 days of your paid Annual Membership, we will refund 100% of your membership fee no questions asked. After 30 days we will refund your membership fee on a pro-rated basis. There are no refunds on Monthly Memberships. To obtain a refund, please contact us at 1-855-253-0822 or by email at wwgoasubscription@program-director.net.	485	79
1333	Last one available	1	Scarcity	Last one available	18	3
822	Mens Footwear	0	Not Dark Pattern	Mens Footwear	13	2
1759	 Upcoming Events 	0	Not Dark Pattern	Upcoming Events	15	2
638	Beetle Remotes	0	Not Dark Pattern	Beetle Remotes	14	2
1330	Free People	0	Not Dark Pattern	Free People	11	2
241	Carol in St. Louis, Missouri bought Original USB Charging Anti-Theft Backpack	1	Social Proof	Carol in St. Louis, Missouri bought Original USB Charging Anti-Theft Backpack	77	11
1071	ONLY 4 LEFT IN STOCK	1	Scarcity	ONLY 4 LEFT IN STOCK	20	5
149	Shop All Golf Balls	0	Not Dark Pattern	Shop All Golf Balls	19	4
1536	Sunglasses and Eyewear	0	Not Dark Pattern	Sunglasses and Eyewear	22	3
803	 Gut Health 	0	Not Dark Pattern	Gut Health	10	2
822	Dog Collars, Leads & Tethers	0	Not Dark Pattern	Dog Collars, Leads & Tethers	28	5
1373	 Naked Wolfe 	0	Not Dark Pattern	Naked Wolfe	11	2
1707	How about these?	1	Misdirection	How about these?	16	3
1091	Only 14 left in stock	1	Scarcity	Only 14 left in stock	21	5
1759	 Optimized Patch System 	0	Not Dark Pattern	Optimized Patch System	22	3
1293	Product Tagline	0	Not Dark Pattern	Product Tagline	15	2
1241	Anniversary Gifts 	0	Not Dark Pattern	Anniversary Gifts	17	2
345	No, thanks, I´d rather pay more	1	Misdirection	No, thanks, I´d rather pay more	31	6
144	Someone in Culgoa, Australia purchased Savelli Epic Mens Comfortable Leather Lace Up Boots Made In Brazil	1	Social Proof	Someone in Culgoa, Australia purchased Savelli Epic Mens Comfortable Leather Lace Up Boots Made In Brazil	105	16
1560	1 Left	1	Scarcity	1 Left	6	2
448	I don't want a discount	1	Misdirection	I don't want a discount	23	5
1149	Healthy Diet	0	Not Dark Pattern	Healthy Diet	12	2
317	No, thanks. I don't like great deals.	1	Misdirection	No, thanks. I don't like great deals.	37	7
53	Someone in Paris, France just purchased a Kanpeki Knife Set	1	Social Proof	Someone in Paris, France just purchased a Kanpeki Knife Set	59	10
1026	 WWE New Arrivals 	0	Not Dark Pattern	WWE New Arrivals	16	3
1759	Alpha BRAIN® is a dietary supplement that helps support cognitive functions, including memory, mental speed, and focus.†	0	Not Dark Pattern	Alpha BRAIN® is a dietary supplement that helps support cognitive functions, including memory, mental speed, and focus.†	120	17
46	Someone in Ampang, Malaysia just bought	1	Social Proof	Someone in Ampang, Malaysia just bought	39	6
271	Trey in Columbia, United States purchased Leather Cord Capsule	1	Social Proof	Trey in Columbia, United States purchased Leather Cord Capsule	62	9
1803	THE COMPETITION $1,299.99	1	Misdirection	THE COMPETITION $1,299.99	25	3
1503	ONLY 5 LEFT!	1	Scarcity	ONLY 5 LEFT!	12	3
1658	Hurry Low Stock	1	Scarcity	Hurry Low Stock	15	3
715	Items will be reserved in your cart for 19:10	1	Urgency	Items will be reserved in your cart for 19:10	45	9
246	1 people are viewing this currently	1	Social Proof	1 people are viewing this currently	35	6
319	No thanks, I’ll skip this amazing super-saver deal. I don’t need so many beautiful textures	1	Misdirection	No thanks, I’ll skip this amazing super-saver deal. I don’t need so many beautiful textures	91	15
907	 SAA Oil & Acrylic Brushes 	0	Not Dark Pattern	SAA Oil & Acrylic Brushes	25	5
1291	1 left, order now!	1	Scarcity	1 left, order now!	18	4
825	Vacation One Shoulder Loosen Long Sleeve Woven Dress	0	Not Dark Pattern	Vacation One Shoulder Loosen Long Sleeve Woven Dress	52	8
1428	Lip Balms & Treatments	0	Not Dark Pattern	Lip Balms & Treatments	22	4
864	Price Guaranteed For DAYS/HRS/MINS/SECS	1	Urgency	Price Guaranteed For DAYS/HRS/MINS/SECS	39	4
1051	Other Applications	0	Not Dark Pattern	Other Applications	18	2
406	No thanks, I don’t want to save	1	Misdirection	No thanks, I don’t want to save	31	7
662	High Gable Sheds	0	Not Dark Pattern	High Gable Sheds	16	3
861	Wondering where to buy White Cloud products in the U.S.? Our distributor list is growing! Bookmark our list and stay tuned!	0	Not Dark Pattern	Wondering where to buy White Cloud products in the U.S.? Our distributor list is growing! Bookmark our list and stay tuned!	123	21
188	 Products 	0	Not Dark Pattern	Products	8	1
1469	Dressmakers Mannequins 	0	Not Dark Pattern	Dressmakers Mannequins	22	2
725	Wait! YOUR CART QUALIFIES FOR 15% OFF YOUR ENTIRE ORDER. Offer Expires in: 2955	1	Urgency	Wait! YOUR CART QUALIFIES FOR 15% OFF YOUR ENTIRE ORDER. Offer Expires in: 2955	79	14
431	No thanks, I will pay full price.	1	Misdirection	No thanks, I will pay full price.	33	7
680	 Air Purifying Plants 	0	Not Dark Pattern	Air Purifying Plants	20	3
1536	All Little Boys Clothing	0	Not Dark Pattern	All Little Boys Clothing	24	4
4	 Our Story 	0	Not Dark Pattern	Our Story	9	2
1596	2 left	1	Scarcity	2 left	6	2
1488	History Of The NRA	0	Not Dark Pattern	History Of The NRA	18	4
708	25% OFF* ENDS IN 00 : 12 : 27 : 15 DAYS HRS. MIN. SEC.	1	Urgency	25% OFF* ENDS IN 00 : 12 : 27 : 15 DAYS HRS. MIN. SEC.	54	15
133	Start SellingSearchWishlistAccountCartCart	0	Not Dark Pattern	Start SellingSearchWishlistAccountCartCart	42	2
30	61 people have already bought that product today with 50% discount	1	Social Proof	61 people have already bought that product today with 50% discount	66	11
155	89 currently viewing	1	Social Proof	89 currently viewing	20	3
754	Used Leica Cameras	0	Not Dark Pattern	Used Leica Cameras	18	3
183	Purchased 8 times in the last few days.	1	Social Proof	Purchased 8 times in the last few days.	39	8
123	Jonathan in Syracuse, United States just bought Electric Skateboard Battery Pack 36V 10S2P 4 hours ago	1	Social Proof	Jonathan in Syracuse, United States just bought Electric Skateboard Battery Pack 36V 10S2P 4 hours ago	102	16
1658	View All Bearings	0	Not Dark Pattern	View All Bearings	17	3
1101	Low in stock: only 1 left.	1	Scarcity	Low in stock: only 1 left.	26	6
1241	American Diamond Earrings	0	Not Dark Pattern	American Diamond Earrings	25	3
300	 cm in 	0	Not Dark Pattern	cm in	5	2
1715	Personalize your doll	1	Misdirection	Personalize your doll	21	3
1158	 sales@scandinavianoutdoor.com 	0	Not Dark Pattern	sales@scandinavianoutdoor.com	29	1
216	 Searching...	0	Not Dark Pattern	Searching...	12	1
1260	Flat Iron	0	Not Dark Pattern	Flat Iron	9	2
5	You can feel confident that your new box each month is helping you celebrate pregnancy and protect your bump!	0	Not Dark Pattern	You can feel confident that your new box each month is helping you celebrate pregnancy and protect your bump!	109	19
1606	Availability: 5 items left	1	Scarcity	Availability: 5 items left	26	4
306	Someone from Osijek, Croatia just bought TMC CP Style Single Pistol Pouch	1	Social Proof	Someone from Osijek, Croatia just bought TMC CP Style Single Pistol Pouch	73	12
907	 View product View SAA Standard Membership Renewal - Credit/Debit Card - One Year Only 	0	Not Dark Pattern	View product View SAA Standard Membership Renewal - Credit/Debit Card - One Year Only	85	14
1509	The World Fair Trade Organization Label guarantees that People Tree follows Fair Trade best practices in our organisation.	0	Not Dark Pattern	The World Fair Trade Organization Label guarantees that People Tree follows Fair Trade best practices in our organisation.	122	18
25	Packed with Super Citrimax	0	Not Dark Pattern	Packed with Super Citrimax	26	4
394	No thanks, I don't want to look my best	1	Misdirection	No thanks, I don't want to look my best	39	9
1468	Check your orders, in-store quotes & more	0	Not Dark Pattern	Check your orders, in-store quotes & more	41	7
1550	Thermostats	0	Not Dark Pattern	Thermostats	11	1
350	Want more inspiration and styling tips? Dive into The Southern Edit, Southern Tide’s lifestyle blog, and follow us on social media. 	0	Not Dark Pattern	Want more inspiration and styling tips? Dive into The Southern Edit, Southern Tide’s lifestyle blog, and follow us on social media.	131	21
1367	The Wizard of Oz	0	Not Dark Pattern	The Wizard of Oz	16	4
1463	ONLY 5 LEFT, ORDER SOON!	1	Scarcity	ONLY 5 LEFT, ORDER SOON!	24	5
198	Prices shown for delivery to JAPAN Change delivery country	0	Not Dark Pattern	Prices shown for delivery to JAPAN Change delivery country	58	9
833	Barbour International	0	Not Dark Pattern	Barbour International	21	2
1100	70% offers claimed. Hurry up!	1	Scarcity	70% offers claimed. Hurry up!	29	5
1187	Only 1 Left!	1	Scarcity	Only 1 Left!	12	3
638	M-Class Remotes	0	Not Dark Pattern	M-Class Remotes	15	2
954	Sorry, this is out of stock. You just missed it.	1	Scarcity	Sorry, this is out of stock. You just missed it.	48	10
580	Your order is reserved for 19:57 minutes.	1	Urgency	Your order is reserved for 19:57 minutes.	41	7
822	Clearance Optic Accessories Deals	0	Not Dark Pattern	Clearance Optic Accessories Deals	33	4
1363	Hurry! Limited Quantity Available.	1	Scarcity	Hurry! Limited Quantity Available.	34	4
1797	I wish to Start Shopping but I don't want to receive daily email alerts about your amazing discounts on luxury brands.	1	Misdirection	I wish to Start Shopping but I don't want to receive daily email alerts about your amazing discounts on luxury brands.	118	21
81	Jessica in Orange, United States purchased a Black 1920s Sequin Maxi Flapper Dress 12 minutes ago	1	Social Proof	Jessica in Orange, United States purchased a Black 1920s Sequin Maxi Flapper Dress 12 minutes ago	97	16
1638	3 Left!	1	Scarcity	3 Left!	7	2
1009	Highline Double Wheel Bag	0	Not Dark Pattern	Highline Double Wheel Bag	25	4
1349	Only 5 Left	1	Scarcity	Only 5 Left	11	3
1154	Only 1 left in stock - Order soon	1	Scarcity	Only 1 left in stock - Order soon	33	8
1220	Only 1 left.	1	Scarcity	Only 1 left.	12	3
680	 Soft Toys 	0	Not Dark Pattern	Soft Toys	9	2
960	ONCE IT'S GONE, IT'S GONE	1	Scarcity	ONCE IT'S GONE, IT'S GONE	25	5
66	Lease to Own conditions	0	Not Dark Pattern	Lease to Own conditions	23	4
1018	Full HD 144Hz IPS Anti-Glare (1920 x 1080) FREE Upgrade (Limited time offer!)	1	Urgency	Full HD 144Hz IPS Anti-Glare (1920 x 1080) FREE Upgrade (Limited time offer!)	77	13
546	EXTRA -30% OFF WITH CODE: EXTRA30 Ends in: 0 0 0 0 days 0 0 4 4 hours . 0 0 9 9 min . 2 2 8 8 sec	1	Urgency	EXTRA -30% OFF WITH CODE: EXTRA30 Ends in: 0 0 0 0 days 0 0 4 4 hours . 0 0 9 9 min . 2 2 8 8 sec	97	30
714	Elegant A Line Short Sleeve Satin Bateau Floor-length Mother of the Bride Dress with Ribbon	0	Not Dark Pattern	Elegant A Line Short Sleeve Satin Bateau Floor-length Mother of the Bride Dress with Ribbon	91	15
991	Tidal Waves Collection	0	Not Dark Pattern	Tidal Waves Collection	22	3
260	POPULAR 62 others checked this out in the last few hours.	1	Social Proof	POPULAR 62 others checked this out in the last few hours.	57	11
1466	Trowels & Putty Knife	0	Not Dark Pattern	Trowels & Putty Knife	21	4
1139	Gifts By Price	0	Not Dark Pattern	Gifts By Price	14	3
447	"No thanks! I'd rather join the """"Pay Full Price for Things"""" club."	1	Misdirection	"No thanks! I'd rather join the """"Pay Full Price for Things"""" club."	66	12
1736	 PopWallet+ Refine by Product Type: PopWallet+ 	0	Not Dark Pattern	PopWallet+ Refine by Product Type: PopWallet+	45	6
767	FootwearHome & Office	0	Not Dark Pattern	FootwearHome & Office	21	3
841	Get 20% off Sample Doors! ×Offer Ends In 58 : 29 Use Promo Code sample20off	1	Urgency	Get 20% off Sample Doors! ×Offer Ends In 58 : 29 Use Promo Code sample20off	75	15
1693	HURRY! ONLY 11 LEFT IN STOCK.	1	Scarcity	HURRY! ONLY 11 LEFT IN STOCK.	29	6
200	Hurry up! 22 people other than you have this product in their cart	1	Social Proof	Hurry up! 22 people other than you have this product in their cart	66	13
1590	 family 	0	Not Dark Pattern	family	6	1
573	Kinky Curly Wigs	0	Not Dark Pattern	Kinky Curly Wigs	16	3
117	Devices 	0	Not Dark Pattern	Devices	7	1
913	Merchandise: $69.99iService Charge: $14.99 Total Before Tax: $84.98 Estimated Tax:$5.63Order Total: $90.61	1	Sneaking	Merchandise: $69.99iService Charge: $14.99 Total Before Tax: $84.98 Estimated Tax:$5.63Order Total: $90.61	106	12
1351	 Digital Device Covers 	0	Not Dark Pattern	Digital Device Covers	21	3
1536	Pleated Skirts	0	Not Dark Pattern	Pleated Skirts	14	2
1667	beautifully written prose	0	Not Dark Pattern	beautifully written prose	25	3
690	4 days 05:46:20	1	Urgency	4 days 05:46:20	15	3
247	Corporate Responsibility Report	0	Not Dark Pattern	Corporate Responsibility Report	31	3
1272	 手錶 / Watches 	0	Not Dark Pattern	手錶 / Watches	12	3
1134	Only 69 left!	1	Scarcity	Only 69 left!	13	3
297	52 people have added this product to bag in the last 72 hours	1	Social Proof	52 people have added this product to bag in the last 72 hours	61	13
211	156 sold in last 24 hours	1	Social Proof	156 sold in last 24 hours	25	6
638	BROKEN REMOTE? FIX IT YOURSELF AND SAVE HUGE	0	Not Dark Pattern	BROKEN REMOTE? FIX IT YOURSELF AND SAVE HUGE	44	8
707	Offer ends 0Hours:04Minutes:46Seconds	1	Urgency	Offer ends 0Hours:04Minutes:46Seconds	37	3
306	COMBAT GEARHot	0	Not Dark Pattern	COMBAT GEARHot	14	2
32	1,446 people have viewed this item	1	Social Proof	1,446 people have viewed this item	34	6
763	Order in 14:53 to get 2 pillows for free	1	Urgency	Order in 14:53 to get 2 pillows for free	40	9
1153	HURRY ONLY 9 LEFT IN STOCK!	1	Scarcity	HURRY ONLY 9 LEFT IN STOCK!	27	6
1266	only 1 in stock	1	Scarcity	only 1 in stock	15	4
1536	Grey Jewelry	0	Not Dark Pattern	Grey Jewelry	12	2
25	 Select shake flavor: 	0	Not Dark Pattern	Select shake flavor:	20	3
1002	ON SALE AT $1.99 FOR A LIMITED TIME	1	Urgency	ON SALE AT $1.99 FOR A LIMITED TIME	35	8
1009	Submitted by Fermin Larracilla Pérez	0	Not Dark Pattern	Submitted by Fermin Larracilla Pérez	36	5
353	Polycarbonate	0	Not Dark Pattern	Polycarbonate	13	1
246	Browse by A-Z	0	Not Dark Pattern	Browse by A-Z	13	3
1351	 Other Snacks 	0	Not Dark Pattern	Other Snacks	12	2
1365	Less than 6 items left	1	Scarcity	Less than 6 items left	22	5
14	Ken in Oakland, United States purchased a Dreamville Hoodie a month ago	1	Social Proof	Ken in Oakland, United States purchased a Dreamville Hoodie a month ago	71	12
149	Other Promotions	0	Not Dark Pattern	Other Promotions	16	2
1026	Recommended	0	Not Dark Pattern	Recommended	11	1
93	17 people have added this item to cart	1	Social Proof	17 people have added this item to cart	38	8
1044	Free Shipping. Limited Time Only. for orders over $50	1	Urgency	Free Shipping. Limited Time Only. for orders over $50	53	9
790	Set SALE Into Summer 	0	Not Dark Pattern	Set SALE Into Summer	20	4
1197	 IZZY MIDI DRESS Ivory 	0	Not Dark Pattern	IZZY MIDI DRESS Ivory	21	4
1736	 Gold Refine by Color: Gold 	0	Not Dark Pattern	Gold Refine by Color: Gold	26	5
1381	View All Homeware	0	Not Dark Pattern	View All Homeware	17	3
1053	Site Wide Savings for the Entire Family! Pricing is off Rogan's Shoes every day Low Prices! Prices are already reflected on the site. Limited time only! Restrictions apply. Online Only.	1	Urgency	Site Wide Savings for the Entire Family! Pricing is off Rogan's Shoes every day Low Prices! Prices are already reflected on the site. Limited time only! Restrictions apply. Online Only.	185	30
581	00 DAYS 00 HOURS 29 MINUTES 26 SECONDS	1	Urgency	00 DAYS 00 HOURS 29 MINUTES 26 SECONDS	38	8
984	 Explore more styles from this printspiration 	0	Not Dark Pattern	Explore more styles from this printspiration	44	6
1517	Hurry! Only 2 Left	1	Scarcity	Hurry! Only 2 Left	18	4
1194	1 LEFT IN THIS SIZE	1	Scarcity	1 LEFT IN THIS SIZE	19	5
1660	Hurry, only 6 left in stock!	1	Scarcity	Hurry, only 6 left in stock!	28	6
1469	Sponges, Mitts & Bath Brushes	0	Not Dark Pattern	Sponges, Mitts & Bath Brushes	29	5
1317	Crystal Lotus Sriyantras 	0	Not Dark Pattern	Crystal Lotus Sriyantras	24	3
380	No thanks. I don’t want to save money.	1	Misdirection	No thanks. I don’t want to save money.	38	8
747	Other CollectiblesPhotos	0	Not Dark Pattern	Other CollectiblesPhotos	24	2
530	Need a Hand?	0	Not Dark Pattern	Need a Hand?	12	3
1678	Hurry !! Only 52 left in stock	1	Scarcity	Hurry !! Only 52 left in stock	30	7
921	Free 60 day VIP trial membership with this order. Cancel anytime.	1	Sneaking	Free 60 day VIP trial membership with this order. Cancel anytime.	65	11
887	Purchase Benefit Club Member can cancel the Purchase Benefits at any time by calling MDG’s Customer Service department at: 1-800-906-0975 ext. 352 and requesting to cancel the Purchase Benefits.	1	Obstruction	Purchase Benefit Club Member can cancel the Purchase Benefits at any time by calling MDG’s Customer Service department at: 1-800-906-0975 ext. 352 and requesting to cancel the Purchase Benefits.	194	29
1333	lego harry potter	0	Not Dark Pattern	lego harry potter	17	3
776	Most of our orders are from repeat customers.	0	Not Dark Pattern	Most of our orders are from repeat customers.	45	8
667	New In Bottoms	0	Not Dark Pattern	New In Bottoms	14	3
1735	Want to add one of these?	1	Misdirection	Want to add one of these?	25	6
713	 Base Layer & Thermals 	0	Not Dark Pattern	Base Layer & Thermals	21	4
1722	FANSTASTIC DEALS	1	Misdirection	FANSTASTIC DEALS	16	2
52	Alyssa in San Antonio, United States purchased a iTunes Japan Gift Card 10000 JPY about 35 minutes ago	1	Social Proof	Alyssa in San Antonio, United States purchased a iTunes Japan Gift Card 10000 JPY about 35 minutes ago	102	18
1667	'Keeper of Lost Things'	0	Not Dark Pattern	'Keeper of Lost Things'	23	4
1737	GlassGuard Warranty Do not fear breaking your glass! Add our GlassGuard warranty policy for just $3.85 and we'll insure this purchase.	1	Misdirection	GlassGuard Warranty Do not fear breaking your glass! Add our GlassGuard warranty policy for just $3.85 and we'll insure this purchase.	134	21
1304	Hair Care Remedies	0	Not Dark Pattern	Hair Care Remedies	18	3
1385	In Stock (8) Left	1	Scarcity	In Stock (8) Left	17	4
919	 Paul Henry 	0	Not Dark Pattern	Paul Henry	10	2
767	Cincinnati Bengals T-Shirts	0	Not Dark Pattern	Cincinnati Bengals T-Shirts	27	3
803	Compare Products 	0	Not Dark Pattern	Compare Products	16	2
714	Sexy A Line Short Sleeve Sequins Off-the-shoulder Floor-length Mother of the Bride Dress with Split Front	0	Not Dark Pattern	Sexy A Line Short Sleeve Sequins Off-the-shoulder Floor-length Mother of the Bride Dress with Split Front	105	16
907	Fancy some creative inspiration, news and offers? Sign up for SAA enewsletters today.	0	Not Dark Pattern	Fancy some creative inspiration, news and offers? Sign up for SAA enewsletters today.	85	13
212	 Sports Bras 	0	Not Dark Pattern	Sports Bras	11	2
243	Purchased 100+ times in the last few days.	1	Social Proof	Purchased 100+ times in the last few days.	42	8
991	Accessibly App features	0	Not Dark Pattern	Accessibly App features	23	3
822	Scarves & Snoods	0	Not Dark Pattern	Scarves & Snoods	16	3
624	Your cart is reserved for 14:05 minutes!	1	Urgency	Your cart is reserved for 14:05 minutes!	40	7
350	 OH SHIP! Looks like that page wasn't found 	0	Not Dark Pattern	OH SHIP! Looks like that page wasn't found	42	8
1584	Only a few left!	1	Scarcity	Only a few left!	16	4
1594	In Stock Only 5 left!	1	Scarcity	In Stock Only 5 left!	21	5
1550	Exotic Bird Food	0	Not Dark Pattern	Exotic Bird Food	16	3
1010	Limited Time	1	Urgency	Limited Time	12	2
970	AN ITEM IN YOUR CART IS SELLING OUT QUICKLY	1	Scarcity	AN ITEM IN YOUR CART IS SELLING OUT QUICKLY	43	9
1469	iPhones	0	Not Dark Pattern	iPhones	7	1
191	Either because we're updating the site or because someone spilled coffee on it again. We'll be back just as soon as we finish the update or clean up the coffee.	0	Not Dark Pattern	Either because we're updating the site or because someone spilled coffee on it again. We'll be back just as soon as we finish the update or clean up the coffee.	160	30
1241	Hurry Up! Only 1 Piece Left	1	Scarcity	Hurry Up! Only 1 Piece Left	27	6
979	LIMITED OFFER: $125 Off + 2 Free Pillows	1	Urgency	LIMITED OFFER: $125 Off + 2 Free Pillows	40	8
1788	Want Free Shipping?	1	Misdirection	Want Free Shipping?	19	3
622	 Summer Simple Breathable Socks 	0	Not Dark Pattern	Summer Simple Breathable Socks	30	4
1618	Sellout risk:	1	Scarcity	Sellout risk:	13	2
402	No thanks, I don’t like saving money.	1	Misdirection	No thanks, I don’t like saving money.	37	7
4	Value of Product	0	Not Dark Pattern	Value of Product	16	3
537	00DAYS07HOURS09MINUTES39SECONDS	1	Urgency	00DAYS07HOURS09MINUTES39SECONDS	31	1
299	Someone from purchased a HOLEES Original Ladies II - Navy About 9 hours ago	1	Social Proof	Someone from purchased a HOLEES Original Ladies II - Navy About 9 hours ago	75	14
907	 Mountboard 	0	Not Dark Pattern	Mountboard	10	1
1343	Graduations	0	Not Dark Pattern	Graduations	11	1
117	 Light powerful. 	0	Not Dark Pattern	Light powerful.	15	2
1402	Availability: Low Stock 4 Remaining	1	Scarcity	Availability: Low Stock 4 Remaining	35	5
957	Items in your cart are in high demand. But we have reserved your order.	1	Scarcity	Items in your cart are in high demand. But we have reserved your order.	71	14
264	Viewed 744 times today	1	Social Proof	Viewed 744 times today	22	4
1532	Only 2 Left in Stock	1	Scarcity	Only 2 Left in Stock	20	5
287	1044 sold in past 12 months	1	Social Proof	1044 sold in past 12 months	27	6
1536	Cropped Jeans	0	Not Dark Pattern	Cropped Jeans	13	2
47	64 users bought this product Touch: The Set - Touch XL & TouchUp Makeup Mirror Bundle	1	Social Proof	64 users bought this product Touch: The Set - Touch XL & TouchUp Makeup Mirror Bundle	85	16
222	Someone in Joliet, Illinois purchased a Yocan Evolve Plus XL Vaporizer	1	Social Proof	Someone in Joliet, Illinois purchased a Yocan Evolve Plus XL Vaporizer	70	11
1488	Jeanne E. Bray Memorial Scholarship	0	Not Dark Pattern	Jeanne E. Bray Memorial Scholarship	35	5
117	Samuel in Minneapolis, United States purchased a Pod Juice Jewel Mint Cool ❄️Nicotine Salt e-Liquid 15/30ml 7 hours ago	1	Social Proof	Samuel in Minneapolis, United States purchased a Pod Juice Jewel Mint Cool ❄️Nicotine Salt e-Liquid 15/30ml 7 hours ago	119	19
991	 Boardshorts	0	Not Dark Pattern	Boardshorts	11	1
837	The site was easy to navigate. I haven't received my shoes yet, but overall a good experience.	0	Not Dark Pattern	The site was easy to navigate. I haven't received my shoes yet, but overall a good experience.	94	17
198	Cheaney	0	Not Dark Pattern	Cheaney	7	1
4	 ≡ Filter Reviews Clicking on the following button will update the content below 	0	Not Dark Pattern	≡ Filter Reviews Clicking on the following button will update the content below	79	13
1044	Arthritis Aids	0	Not Dark Pattern	Arthritis Aids	14	2
822	Camo Shirts & T Shirts	0	Not Dark Pattern	Camo Shirts & T Shirts	22	5
963	SELLING FAST! GET 10% OFF THIS ITEM. ACTIVATE NOW.	1	Scarcity	SELLING FAST! GET 10% OFF THIS ITEM. ACTIVATE NOW.	50	9
1330	TRE by Natalie Ratabesi	0	Not Dark Pattern	TRE by Natalie Ratabesi	23	4
1057	LIMITED TIME OFFER	1	Urgency	LIMITED TIME OFFER	18	3
1658	Sign Up To Our Newsletter To Receive News, Offers And Promotions.	0	Not Dark Pattern	Sign Up To Our Newsletter To Receive News, Offers And Promotions.	65	11
29	Someone from Cape Town, Western Cape, South Africa just started buying Packable Travel Duffel Bag! 5 minutes ago	1	Social Proof	Someone from Cape Town, Western Cape, South Africa just started buying Packable Travel Duffel Bag! 5 minutes ago	112	18
747	Offer ends in 9hrs 55min 29sec!	1	Urgency	Offer ends in 9hrs 55min 29sec!	31	6
1001	(LIMITED TIME OFFER) TORSION GUN HOLSTER SUPER COMBO	1	Urgency	(LIMITED TIME OFFER) TORSION GUN HOLSTER SUPER COMBO	52	8
1056	 Sale By Category 	0	Not Dark Pattern	Sale By Category	16	3
1446	Floral Cross Stitch & Embroidery Kits	0	Not Dark Pattern	Floral Cross Stitch & Embroidery Kits	37	6
920	Your AccountTrack Your OrdersJoin Celebrations Passport	0	Not Dark Pattern	Your AccountTrack Your OrdersJoin Celebrations Passport	55	6
822	Dog Whistles & Lanyards	0	Not Dark Pattern	Dog Whistles & Lanyards	23	4
1201	Hurry! Only 1 left in stock	1	Scarcity	Hurry! Only 1 left in stock	27	6
176	1 people bought Jotter To Do Refill in the last few hours	1	Social Proof	1 people bought Jotter To Do Refill in the last few hours	57	12
158	Other people want this. 10 people have this in their cart right now.	1	Social Proof	Other people want this. 10 people have this in their cart right now.	68	13
1654	 Terms of Use Privacy Policy Do Not Sell My Personal Information Request My Personal Information 	0	Not Dark Pattern	Terms of Use Privacy Policy Do Not Sell My Personal Information Request My Personal Information	95	15
1304	Colors	0	Not Dark Pattern	Colors	6	1
833	Manage Consent Preferences	0	Not Dark Pattern	Manage Consent Preferences	26	3
680	Select Occasion close	0	Not Dark Pattern	Select Occasion close	21	3
115	1 person is looking at this item.	1	Social Proof	1 person is looking at this item.	33	7
997	LIMITED TIME OFFER! FREE SHIPPING OVER $99 + FREE RETURNS*	1	Urgency	LIMITED TIME OFFER! FREE SHIPPING OVER $99 + FREE RETURNS*	58	10
295	994 items sold this hour.	1	Social Proof	994 items sold this hour.	25	5
1381	View All New Arrivals	0	Not Dark Pattern	View All New Arrivals	21	4
861	How White Cloud Prevents E-Cig Sales to Minors Read More ➞	0	Not Dark Pattern	How White Cloud Prevents E-Cig Sales to Minors Read More ➞	58	11
282	Someone in Petaling Jaya, Malaysia just bought SNEAKERGUARD Midsole Paint Marker - BOOST White	1	Social Proof	Someone in Petaling Jaya, Malaysia just bought SNEAKERGUARD Midsole Paint Marker - BOOST White	94	14
1302	Availability: Low Stock	1	Scarcity	Availability: Low Stock	23	3
1366	Low Stock	1	Scarcity	Low Stock	9	2
825	Influencer Program	0	Not Dark Pattern	Influencer Program	18	2
527	View All Apartment	0	Not Dark Pattern	View All Apartment	18	3
1211	72% offers claimed. Hurry up!	1	Scarcity	72% offers claimed. Hurry up!	29	5
1556	(Only 1 Left)	1	Scarcity	(Only 1 Left)	13	3
878	I accept the Terms & Conditions of the FREE Brother Care Program and agree to receive exclusive offers and general promotions from Brother. I may withdraw my consent at any time.	1	Forced Action	I accept the Terms & Conditions of the FREE Brother Care Program and agree to receive exclusive offers and general promotions from Brother. I may withdraw my consent at any time.	178	31
238	Someone in Red Cliffs bought a RHK Yamaha YZ/YZF/WRF 99-16 Blue Pursuit Footpegs 3 minutes ago	1	Social Proof	Someone in Red Cliffs bought a RHK Yamaha YZ/YZF/WRF 99-16 Blue Pursuit Footpegs 3 minutes ago	94	16
1358	limited availability at this price!	1	Scarcity	limited availability at this price!	35	5
861	WilmaNorth Carolina	0	Not Dark Pattern	WilmaNorth Carolina	19	2
1315	 TV & Home Appliances 	0	Not Dark Pattern	TV & Home Appliances	20	4
570	"Save 25% on your entire order 09 Hours 57 Minutes 34Seconds use code: SPRING25"""	1	Urgency	"Save 25% on your entire order 09 Hours 57 Minutes 34Seconds use code: SPRING25"""	79	14
573	Wigsbuy- Online Beauty Store of Fashion Wigs, Hair Extensions & Accessories for Sale.	0	Not Dark Pattern	Wigsbuy- Online Beauty Store of Fashion Wigs, Hair Extensions & Accessories for Sale.	85	13
837	Quick Navigation	0	Not Dark Pattern	Quick Navigation	16	2
667	CHF	0	Not Dark Pattern	CHF	3	1
833	+ Performance Cookies	0	Not Dark Pattern	+ Performance Cookies	21	3
356	No I don't feel lucky	1	Misdirection	No I don't feel lucky	21	5
667	Ericdress Summer Patchwork Polyester Long Women's Tank Top	0	Not Dark Pattern	Ericdress Summer Patchwork Polyester Long Women's Tank Top	58	8
1026	 More Sports 	0	Not Dark Pattern	More Sports	11	2
1056	 Bento Lunch Boxes & Food Containers 	0	Not Dark Pattern	Bento Lunch Boxes & Food Containers	35	6
1759	 Clinical Studies 	0	Not Dark Pattern	Clinical Studies	16	2
1009	 Accessories Collection 	0	Not Dark Pattern	Accessories Collection	22	2
1483	3 LEFT	1	Scarcity	3 LEFT	6	2
527	 Electric Daisy 	0	Not Dark Pattern	Electric Daisy	14	2
664	 VUSE Alto Menthol Pods 	0	Not Dark Pattern	VUSE Alto Menthol Pods	22	4
1207	Hurry! Only 2 left at this price!	1	Scarcity	Hurry! Only 2 left at this price!	33	7
986	Limited Time Offer	1	Urgency	Limited Time Offer	18	3
476	NO THANKS, I DON'T LIKE FREE STUFF	1	Misdirection	NO THANKS, I DON'T LIKE FREE STUFF	34	7
877	I’ve read and accept the terms & conditions * , I also authorize Bosley to contact me by phone or text utilizing automated dialing equipment, as well as by email or mail with information about appointments, products, services, news or promotions. I also agree to Bosley's Terms of Service. Otherwise, call Bosley at 800-985-6405 to request your FREE information kit or to schedule your FREE no-obligation consultation.	1	Forced Action	I’ve read and accept the terms & conditions * , I also authorize Bosley to contact me by phone or text utilizing automated dialing equipment, as well as by email or mail with information about appointments, products, services, news or promotions. I also agree to Bosley's Terms of Service. Otherwise, call Bosley at 800-985-6405 to request your FREE information kit or to schedule your FREE no-obligation consultation.	418	67
1317	 Crystal Beads 	0	Not Dark Pattern	Crystal Beads	13	2
304	Last purchased at 11:19am today.	1	Social Proof	Last purchased at 11:19am today.	32	5
28	9 sold in last 4 hours	1	Social Proof	9 sold in last 4 hours	22	6
1106	Less than 10 left in stock	1	Scarcity	Less than 10 left in stock	26	6
568	· Physical Healing	0	Not Dark Pattern	· Physical Healing	18	3
1536	WAX Jeans	0	Not Dark Pattern	WAX Jeans	9	2
188	 Sold out 	0	Not Dark Pattern	Sold out	8	2
1458	Only 1 piece left.	1	Scarcity	Only 1 piece left.	18	4
329	No thanks, I don't like good deals.	1	Misdirection	No thanks, I don't like good deals.	35	7
1546	Only 5 pcs left!	1	Scarcity	Only 5 pcs left!	16	4
693	Complete your purchase within the next 12:18 minutes and receive 10% off	1	Urgency	Complete your purchase within the next 12:18 minutes and receive 10% off	72	12
984	 All Clothing 	0	Not Dark Pattern	All Clothing	12	2
1536	Rose Gold Shoes	0	Not Dark Pattern	Rose Gold Shoes	15	3
42	33 sold in last 12 hours.	1	Social Proof	33 sold in last 12 hours.	25	6
1468	 Sign in & make your visit all about you 	0	Not Dark Pattern	Sign in & make your visit all about you	39	9
1613	3 Left	1	Scarcity	3 Left	6	2
451	No thanks, I don't want discount	1	Misdirection	No thanks, I don't want discount	32	6
278	228 People Have Viewed This Product Recently!	1	Social Proof	228 People Have Viewed This Product Recently!	45	7
1009	Taxes and shipping will be estimated at checkout.	0	Not Dark Pattern	Taxes and shipping will be estimated at checkout.	49	8
850	Shop all	0	Not Dark Pattern	Shop all	8	2
1698	HURRY! ONLY 58 LEFT IN STOCK!	1	Scarcity	HURRY! ONLY 58 LEFT IN STOCK!	29	6
883	Email us ASAP (like seriously) at getflat@flattummyco.com and we will do everything we can to update this for you. As soon as you order, we will send you a confirmation email so please check your details carefully.	0	Not Dark Pattern	Email us ASAP (like seriously) at getflat@flattummyco.com and we will do everything we can to update this for you. As soon as you order, we will send you a confirmation email so please check your details carefully.	214	37
1489	Current Offers	0	Not Dark Pattern	Current Offers	14	2
1667	Be the first to get updates as well as access to exclusive offers and promotions	0	Not Dark Pattern	Be the first to get updates as well as access to exclusive offers and promotions	80	15
78	Hayden near Princeton just bought!!!: CBD VEGAN GUMMIES	1	Social Proof	Hayden near Princeton just bought!!!: CBD VEGAN GUMMIES	55	8
231	660 people have viewed today	1	Social Proof	660 people have viewed today	28	5
41	Someone in Madrid, Spain just bought	1	Social Proof	Someone in Madrid, Spain just bought	36	6
790	 help@postergully.com	0	Not Dark Pattern	help@postergully.com	20	1
608	Sale Ends in 5 days 14 hours 42 mins 53 sec	1	Urgency	Sale Ends in 5 days 14 hours 42 mins 53 sec	43	11
1406	LOW STOCK: Only 1 left.	1	Scarcity	LOW STOCK: Only 1 left.	23	5
667	Men's Sports Bottoms	0	Not Dark Pattern	Men's Sports Bottoms	20	3
1519	Only 16 Left in Stock!	1	Scarcity	Only 16 Left in Stock!	22	5
189	 Shop By Shape 	0	Not Dark Pattern	Shop By Shape	13	3
1032	$3,159.20 $3,949.00 Limited time only	1	Urgency	$3,159.20 $3,949.00 Limited time only	37	5
1365	This link will open in a new window	0	Not Dark Pattern	This link will open in a new window	35	8
685	Hurry Up ! Time is running out	1	Urgency	Hurry Up ! Time is running out	30	7
1451	 Low Price Guarantee 	0	Not Dark Pattern	Low Price Guarantee	19	3
1493	5 left	1	Scarcity	5 left	6	2
109	Someone in Arden Hills, United States purchased 120ml Young Napoleon | Best Strawberry Shortcake eJuice | Vaporham Lincoln eLiquid about 42 minutes ago	1	Social Proof	Someone in Arden Hills, United States purchased 120ml Young Napoleon | Best Strawberry Shortcake eJuice | Vaporham Lincoln eLiquid about 42 minutes ago	151	23
1469	 Out of Stock! 	0	Not Dark Pattern	Out of Stock!	13	3
664	 Synthetic nicotine | Strawberry, kiwi & pomegranate 	0	Not Dark Pattern	Synthetic nicotine | Strawberry, kiwi & pomegranate	51	7
1330	Just BEE Queen	0	Not Dark Pattern	Just BEE Queen	14	3
1721	Would you like to buy more and save more?	1	Misdirection	Would you like to buy more and save more?	41	9
1006	FOR A LIMITED TIME ONLY	1	Urgency	FOR A LIMITED TIME ONLY	23	5
1429	 Track your order by entering your order number and email below or if you would like to create an account or log in (click here) 	0	Not Dark Pattern	Track your order by entering your order number and email below or if you would like to create an account or log in (click here)	127	25
1330	Swedish Hasbeens	0	Not Dark Pattern	Swedish Hasbeens	16	2
108	Someone in Tornado, United States just bought Fresh Melon Menthol 2 hours ago	1	Social Proof	Someone in Tornado, United States just bought Fresh Melon Menthol 2 hours ago	77	13
1399	Only 8 Left!	1	Scarcity	Only 8 Left!	12	3
433	No Thanks, I Prefer Paying Full Price.	1	Misdirection	No Thanks, I Prefer Paying Full Price.	38	7
811	Unique and personalized products to go as yourself.	0	Not Dark Pattern	Unique and personalized products to go as yourself.	51	8
1759	 Search Search 	0	Not Dark Pattern	Search Search	13	2
1612	Only 10 left in stock	1	Scarcity	Only 10 left in stock	21	5
1736	Did you know we have an app? Create shareable art and custom PopSockets designs with our unique image editing tools.	0	Not Dark Pattern	Did you know we have an app? Create shareable art and custom PopSockets designs with our unique image editing tools.	116	20
1313	John Boos	0	Not Dark Pattern	John Boos	9	2
987	Limited time offer	1	Urgency	Limited time offer	18	3
1468	 Bar Stools	0	Not Dark Pattern	Bar Stools	10	2
1373	Get inspiration, new arrivals and the latest offers to your inbox.	0	Not Dark Pattern	Get inspiration, new arrivals and the latest offers to your inbox.	66	11
34	11 people have purchased this item	1	Social Proof	11 people have purchased this item	34	6
71	2049 sold in the last 7 days	1	Social Proof	2049 sold in the last 7 days	28	7
316	I don't like discounts	1	Misdirection	I don't like discounts	22	4
331	no thanks, I like paying full price	1	Misdirection	no thanks, I like paying full price	35	7
309	232 people are viewing this offer!	1	Social Proof	232 people are viewing this offer!	34	6
890	Prior to the automatic renewal and billing, we will notify you in advance (via the email you used at the time of enrollment) of (i) the pending renewal, (ii) the then current fees and charges applicable to the Passport Program, and (iii) where you may find more information about the Passport Program. We will also send you an additional email confirming your renewal. Should you elect not to renew your Membership, you may cancel at any time prior to the renewal by emailing us at passportmembership@1800flowers.com and your credit/debit card on file with us will not be charged. A confirmation email will be sent to you.	1	Obstruction	Prior to the automatic renewal and billing, we will notify you in advance (via the email you used at the time of enrollment) of (i) the pending renewal, (ii) the then current fees and charges applicable to the Passport Program, and (iii) where you may find more information about the Passport Program. We will also send you an additional email confirming your renewal. Should you elect not to renew your Membership, you may cancel at any time prior to the renewal by emailing us at passportmembership@1800flowers.com and your credit/debit card on file with us will not be charged. A confirmation email will be sent to you.	622	106
594	02 DAYS :23 HOURS :00 MINS :54 SECS	1	Urgency	02 DAYS :23 HOURS :00 MINS :54 SECS	35	8
773	1DAYS 04 HOURS 17 MINUTES 18 SECONDS	1	Urgency	1DAYS 04 HOURS 17 MINUTES 18 SECONDS	36	7
1333	LEGO Sondersets Saison Polybags Promotionals ExklusiveOpens in a new window or tab	0	Not Dark Pattern	LEGO Sondersets Saison Polybags Promotionals ExklusiveOpens in a new window or tab	82	12
991	Custom Kids Headwear	0	Not Dark Pattern	Custom Kids Headwear	20	3
1177	N++ is all about using your momentum to complete levels and get high scores, but in this sci-fi world, there’s a slew of inadvertently homicidal enemy robots trying to prevent you from completing your goal.	0	Not Dark Pattern	N++ is all about using your momentum to complete levels and get high scores, but in this sci-fi world, there’s a slew of inadvertently homicidal enemy robots trying to prevent you from completing your goal.	206	35
575	Sale ending in 0 days 04 hours 12 minutes 10 seconds	1	Urgency	Sale ending in 0 days 04 hours 12 minutes 10 seconds	52	11
569	Return my item	0	Not Dark Pattern	Return my item	14	3
1604	Baby Size Guide	0	Not Dark Pattern	Baby Size Guide	15	3
223	127 People viewed this product this week	1	Social Proof	127 People viewed this product this week	40	7
11	🔥 2 people are looking right now	1	Social Proof	🔥 2 people are looking right now	32	7
1759	 Drive and Focus 	0	Not Dark Pattern	Drive and Focus	15	3
566	Enter your email VIEW MY CODE OFFER EXPIRES IN: 0 minutes 00 seconds EXTRA 10% OFF	1	Urgency	Enter your email VIEW MY CODE OFFER EXPIRES IN: 0 minutes 00 seconds EXTRA 10% OFF	82	16
95	161 people have viewed this item	1	Social Proof	161 people have viewed this item	32	6
1330	Only 2 left.	1	Scarcity	Only 2 left.	12	3
1683	Hurry! Only 7 left in stock.	1	Scarcity	Hurry! Only 7 left in stock.	28	6
1056	Hot Offer. Limited Time	1	Urgency	Hot Offer. Limited Time	23	4
350	 Gameday Collection 	0	Not Dark Pattern	Gameday Collection	18	2
1381	Whoops! 	0	Not Dark Pattern	Whoops!	7	1
1143	Only 1 Left in Stock!	1	Scarcity	Only 1 Left in Stock!	21	5
1648	Memory Cards	0	Not Dark Pattern	Memory Cards	12	2
168	Rick in Columbia, United States purchased a	1	Social Proof	Rick in Columbia, United States purchased a	43	7
1149	9 items left	1	Scarcity	9 items left	12	3
1230	Hurry up! Only 11 items left	1	Scarcity	Hurry up! Only 11 items left	28	6
196	Welcome Newcomer	0	Not Dark Pattern	Welcome Newcomer	16	2
107	Debby in Harpers Ferry, United States just bought: Icing Pen Decorating Tool	1	Social Proof	Debby in Harpers Ferry, United States just bought: Icing Pen Decorating Tool	76	12
1733	Grab yourself a bargain!	1	Misdirection	Grab yourself a bargain!	24	4
1550	We are not currently accepting orders from outside of the UK.	0	Not Dark Pattern	We are not currently accepting orders from outside of the UK.	61	11
1459	Hurry! Only 1 left!	1	Scarcity	Hurry! Only 1 left!	19	4
1488	NRA Whittington Center Store	0	Not Dark Pattern	NRA Whittington Center Store	28	4
444	No Thanks, I prefer not to have a protection plan	1	Misdirection	No Thanks, I prefer not to have a protection plan	49	10
1083	New Vintage Stylish Belt Watch - Women	0	Not Dark Pattern	New Vintage Stylish Belt Watch - Women	38	7
166	31 have it in their cart	1	Social Proof	31 have it in their cart	24	6
1489	 First to know about upcoming tastings & events 	0	Not Dark Pattern	First to know about upcoming tastings & events	46	8
569	 Why buy from us 	0	Not Dark Pattern	Why buy from us	15	4
1536	Plus Size Shirts and Blouses	0	Not Dark Pattern	Plus Size Shirts and Blouses	28	5
1712	People also buy this with	1	Misdirection	People also buy this with	25	5
1684	HURRY! ONLY 31 LEFT IN STOCK.	1	Scarcity	HURRY! ONLY 31 LEFT IN STOCK.	29	6
1328	 A Date With Duchess 	0	Not Dark Pattern	A Date With Duchess	19	4
1426	Only 3 left.	1	Scarcity	Only 3 left.	12	3
680	Wish Your Loved Ones Instantly with Ferns N Petals International Services	0	Not Dark Pattern	Wish Your Loved Ones Instantly with Ferns N Petals International Services	73	11
902	We may also disclose your information to third parties who may contact you with details of other products and services which may be of interest. If you do not want your name and mailing details made available in this way please email opt-out@nextdirect.com	1	Obstruction	We may also disclose your information to third parties who may contact you with details of other products and services which may be of interest. If you do not want your name and mailing details made available in this way please email opt-out@nextdirect.com	256	43
1098	Order now, only 2 left in stock!	1	Scarcity	Order now, only 2 left in stock!	32	7
1736	 PopGrip MagSafe Refine by Product Type: PopGrip MagSafe 	0	Not Dark Pattern	PopGrip MagSafe Refine by Product Type: PopGrip MagSafe	55	8
1330	What's New By Category	0	Not Dark Pattern	What's New By Category	22	4
4	 Active Filters English (United States) English (United States) ✘ Remove Filter 	0	Not Dark Pattern	Active Filters English (United States) English (United States) ✘ Remove Filter	78	11
192	Someone in Chambersburg, Pennsylvania purchased	1	Social Proof	Someone in Chambersburg, Pennsylvania purchased	47	5
664	› Sub Ohm Juice	0	Not Dark Pattern	› Sub Ohm Juice	15	4
620	2day 13:49:51 Left	1	Urgency	2day 13:49:51 Left	18	3
516	Hurry up! Sale Ends in	1	Urgency	Hurry up! Sale Ends in	22	5
638	B-Series Truck remotes	0	Not Dark Pattern	B-Series Truck remotes	22	3
1536	Red Tops	0	Not Dark Pattern	Red Tops	8	2
1759	 JOINT Oil 	0	Not Dark Pattern	JOINT Oil	9	2
1070	Limited Stock	1	Scarcity	Limited Stock	13	2
1429	Orthopedic	0	Not Dark Pattern	Orthopedic	10	1
766	Retro Cordless Edison Bulb Lamp	0	Not Dark Pattern	Retro Cordless Edison Bulb Lamp	31	5
189	93 PEOPLE HAVE BOUGHT THIS PRODUCT TODAY	1	Social Proof	93 PEOPLE HAVE BOUGHT THIS PRODUCT TODAY	40	7
1009	Speed Lace Accessory Kit - Silver	0	Not Dark Pattern	Speed Lace Accessory Kit - Silver	33	6
375	No, thanks. I'd rather pay full price.	1	Misdirection	No, thanks. I'd rather pay full price.	38	7
1701	LIMITED TIME OFFER : Grab a Matching Pair & save up 60%!	1	Misdirection	LIMITED TIME OFFER : Grab a Matching Pair & save up 60%!	56	12
103	Americas	0	Not Dark Pattern	Americas	8	1
1550	Here to help	0	Not Dark Pattern	Here to help	12	3
1604	 Comfy and looks great 	0	Not Dark Pattern	Comfy and looks great	21	4
242	Creators' Council	0	Not Dark Pattern	Creators' Council	17	2
1709	Yes! Upgrade my purchase	1	Misdirection	Yes! Upgrade my purchase	24	4
114	Jeremy in Warroad, United States purchased a	1	Social Proof	Jeremy in Warroad, United States purchased a	44	7
25	Kick those cravings	0	Not Dark Pattern	Kick those cravings	19	3
1293	 Brushes + Tools 	0	Not Dark Pattern	Brushes + Tools	15	3
242	Free climate compensated shipping & returns	0	Not Dark Pattern	Free climate compensated shipping & returns	43	6
640	Deal expires in: 03 hrs 25 mins 22 sec	1	Urgency	Deal expires in: 03 hrs 25 mins 22 sec	38	9
1022	FREE SHIPPING // FOR A LIMITED TIME ONLY	1	Urgency	FREE SHIPPING // FOR A LIMITED TIME ONLY	40	8
230	Location: Kansas City, MO	0	Not Dark Pattern	Location: Kansas City, MO	25	4
212	Find your local store, view opening hours and find out where you can get your latest pickup in-store!	0	Not Dark Pattern	Find your local store, view opening hours and find out where you can get your latest pickup in-store!	101	18
1321	only 5 left in stock!	1	Scarcity	only 5 left in stock!	21	5
1658	Casual Wear	0	Not Dark Pattern	Casual Wear	11	2
1048	40% OFF EVERYTHING* ENTER: 40PLT + FREE SHIPPING OVER $80 HURRY! LIMITED TIME ONLY	1	Urgency	40% OFF EVERYTHING* ENTER: 40PLT + FREE SHIPPING OVER $80 HURRY! LIMITED TIME ONLY	82	14
1351	 Resend One time Pin 	0	Not Dark Pattern	Resend One time Pin	19	4
1124	Case Material	0	Not Dark Pattern	Case Material	13	2
298	Natalie in Graham, United States purchased a FREE BTS Answer Magic Pillow about 1 hour ago	1	Social Proof	Natalie in Graham, United States purchased a FREE BTS Answer Magic Pillow about 1 hour ago	90	16
627	tedpullin	0	Not Dark Pattern	tedpullin	9	1
991	Custom Women's Apparel	0	Not Dark Pattern	Custom Women's Apparel	22	3
108	Ask a Question	0	Not Dark Pattern	Ask a Question	14	3
767	Discontinued Item	0	Not Dark Pattern	Discontinued Item	17	2
916	Order Subtotal $19.99 Standard Delivery $12.99 Care & Handling $2.99 Tax $2.38 Total $38.35 Savings Today $10.00	1	Sneaking	Order Subtotal $19.99 Standard Delivery $12.99 Care & Handling $2.99 Tax $2.38 Total $38.35 Savings Today $10.00	112	17
1804	No I'd rather not hear about exclusive offers and discounts.	1	Misdirection	No I'd rather not hear about exclusive offers and discounts.	60	10
419	No thanks, I’d rather pay more	1	Misdirection	No thanks, I’d rather pay more	30	6
1258	Only 3 left in stock!	1	Scarcity	Only 3 left in stock!	21	5
113	 Don't leave without taking discount 	0	Not Dark Pattern	Don't leave without taking discount	35	5
1009	View your order history	0	Not Dark Pattern	View your order history	23	4
1773	What people are saying about us...	1	Social Proof	What people are saying about us...	34	6
803	Hydration	0	Not Dark Pattern	Hydration	9	1
999	Act now and save $12.99. Limited time only!	1	Urgency	Act now and save $12.99. Limited time only!	43	8
1474	Only 13 left!	1	Scarcity	Only 13 left!	13	3
897	If your JR Plus membership has renewed automatically, you have seven (7) days after payment is taken to cancel your annual membership. You must contact Customer Service at (888) 574-3576 within this window and not have made any eligible purchase using the JR Plus service. You will then be provided with a full refund of your membership fee for the renewal year and the JR Plus service will be cancelled from your account. If you cancel during any renewal year after the seven (7) day window expires, you are not entitled to any refund of the renewal fee, even if you have not made any eligible purchase during the renewal term.	1	Obstruction	If your JR Plus membership has renewed automatically, you have seven (7) days after payment is taken to cancel your annual membership. You must contact Customer Service at (888) 574-3576 within this window and not have made any eligible purchase using the JR Plus service. You will then be provided with a full refund of your membership fee for the renewal year and the JR Plus service will be cancelled from your account. If you cancel during any renewal year after the seven (7) day window expires, you are not entitled to any refund of the renewal fee, even if you have not made any eligible purchase during the renewal term.	628	111
1790	Tick here if you do not want to receive Promotional Offers by Post Tick here if you do wish to receive Promotional Offers by email and/or SMS Tick here if you would like to receive Offers from selected third parties	1	Misdirection	Tick here if you do not want to receive Promotional Offers by Post Tick here if you do wish to receive Promotional Offers by email and/or SMS Tick here if you would like to receive Offers from selected third parties	215	40
1049	40% OFF EVERYTHING* ENTER: 40PLT + FREE SHIPPING ON ALL ORDERS OVER $80 	1	Urgency	40% OFF EVERYTHING* ENTER: 40PLT + FREE SHIPPING ON ALL ORDERS OVER $80	71	13
1139	about us	0	Not Dark Pattern	about us	8	2
569	 Microsoft Xbox One S Wireless Controller » 	0	Not Dark Pattern	Microsoft Xbox One S Wireless Controller »	42	7
662	Carports & Garages	0	Not Dark Pattern	Carports & Garages	18	3
900	You may cancel your membership at any time by calling us at at 855-861-2573 (6:00AM – 5:00PM PST) or by emailing support@luckytacklebox.com. California residents may also cancel your subscription by accessing your Account through the Site.	1	Obstruction	You may cancel your membership at any time by calling us at at 855-861-2573 (6:00AM – 5:00PM PST) or by emailing support@luckytacklebox.com. California residents may also cancel your subscription by accessing your Account through the Site.	239	36
1598	Hurry, only 5 left	1	Scarcity	Hurry, only 5 left	18	4
230	After trying several other shades of red, I’ve tried this one and just love it. It is the perfect shade of brown with beautiful red highlights, very rich color, and very beautiful.	0	Not Dark Pattern	After trying several other shades of red, I’ve tried this one and just love it. It is the perfect shade of brown with beautiful red highlights, very rich color, and very beautiful.	180	32
314	No thanks! I don't like deals	1	Misdirection	No thanks! I don't like deals	29	6
1446	 Ireland EUR	0	Not Dark Pattern	Ireland EUR	11	2
242	Fashion Forward	0	Not Dark Pattern	Fashion Forward	15	2
901	You may cancel your Minted More membership at any time by contacting Minted Customer Service at www.minted.com/help. If you cancel your membership before your Minted More gift box has shipped, we will refund your full membership fee; provided that we may charge you (or withhold from your refund) the value of Minted More discount benefits used by you and your account prior to cancellation. If you cancel at any other time, your membership fee is non-refundable.	1	Obstruction	You may cancel your Minted More membership at any time by contacting Minted Customer Service at www.minted.com/help. If you cancel your membership before your Minted More gift box has shipped, we will refund your full membership fee; provided that we may charge you (or withhold from your refund) the value of Minted More discount benefits used by you and your account prior to cancellation. If you cancel at any other time, your membership fee is non-refundable.	463	76
1174	Optics and Mounts	0	Not Dark Pattern	Optics and Mounts	17	3
680	Don't Know Pincode?	0	Not Dark Pattern	Don't Know Pincode?	19	3
630	SALE ENDS IN 19 DAYS, 9 HOURS, 50 MINUTES, 54 SECONDS	1	Urgency	SALE ENDS IN 19 DAYS, 9 HOURS, 50 MINUTES, 54 SECONDS	53	11
564	Your order is reserved for 29:52 minutes!	1	Urgency	Your order is reserved for 29:52 minutes!	41	7
242	NA-KD, White	0	Not Dark Pattern	NA-KD, White	12	2
822	Game Extraction & Prep	0	Not Dark Pattern	Game Extraction & Prep	22	4
638	Golf Remotes	0	Not Dark Pattern	Golf Remotes	12	2
1536	Baby Girl Shoes	0	Not Dark Pattern	Baby Girl Shoes	15	3
1317	 Books About Indian Culture 	0	Not Dark Pattern	Books About Indian Culture	26	4
1315	For any other inquiries, Click here	0	Not Dark Pattern	For any other inquiries, Click here	35	6
1313	Round Boards	0	Not Dark Pattern	Round Boards	12	2
1029	LIMITED TIME ONLY	1	Urgency	LIMITED TIME ONLY	17	3
1352	Only 9 left!	1	Scarcity	Only 9 left!	12	3
164	Mher from San Angelo, TX Recently made a purchase with Crossrope	1	Social Proof	Mher from San Angelo, TX Recently made a purchase with Crossrope	64	11
908	There's no obligation to buy as an Xtra VIP Member, nor is there any minimum number of months or commitment for membership. You can shop or ‘Skip’ by the 5th of each month, and you can cancel your membership at any time by calling (855) SAVAGEX (open 24/7).	1	Obstruction	There's no obligation to buy as an Xtra VIP Member, nor is there any minimum number of months or commitment for membership. You can shop or ‘Skip’ by the 5th of each month, and you can cancel your membership at any time by calling (855) SAVAGEX (open 24/7).	257	48
1277	3 left in stock	1	Scarcity	3 left in stock	15	4
381	No thanks. I love chaos!	1	Misdirection	No thanks. I love chaos!	24	5
1044	 By Doug	0	Not Dark Pattern	By Doug	7	2
472	No thanks, I like paying full price	1	Misdirection	No thanks, I like paying full price	35	7
638	Show Cart	0	Not Dark Pattern	Show Cart	9	2
662	Lean To Sheds	0	Not Dark Pattern	Lean To Sheds	13	3
1044	 Cordless Phones For Seniors 	0	Not Dark Pattern	Cordless Phones For Seniors	27	4
1572	ONLY 9 LEFT	1	Scarcity	ONLY 9 LEFT	11	3
393	No Thanks, I don't want official software at the best price.	1	Misdirection	No Thanks, I don't want official software at the best price.	60	11
1304	 Bra Panty Set 	0	Not Dark Pattern	Bra Panty Set	13	3
1038	DressesFootwearHatsHoodies & SweatshirtsJerseysPantsSleepwear & UnderwearSwim CollectionT-ShirtsSale Items- View All -	0	Not Dark Pattern	DressesFootwearHatsHoodies & SweatshirtsJerseysPantsSleepwear & UnderwearSwim CollectionT-ShirtsSale Items- View All -	118	10
1081	Only 4 left in stock	1	Scarcity	Only 4 left in stock	20	5
767	Trending Players	0	Not Dark Pattern	Trending Players	16	2
1468	10 Left in stock	1	Scarcity	10 Left in stock	16	4
